INSTRUMENT,SYMBOL,EXPIRY_DT,STRIKE_PR,OPTION_TYP,OPEN,HIGH,LOW,CLOSE,SETTLE_PR,CONTRACTS,VAL_INLAKH,OPEN_INT,CHG_IN_OI,TIMESTAMP,
FUTSTK,RCOM,31-Mar-2016,0,XX,0,0,0,89.9,92.3,0,0,0,0,01-JAN-2016,
FUTSTK,RCOM,31-Mar-2016,0,XX,0,0,0,89.9,86.2,0,0,0,0,04-JAN-2016,
FUTSTK,RCOM,31-Mar-2016,0,XX,0,0,0,89.9,87.35,0,0,0,0,05-JAN-2016,
FUTSTK,RCOM,31-Mar-2016,0,XX,0,0,0,89.9,85.95,0,0,0,0,06-JAN-2016,
FUTSTK,RCOM,31-Mar-2016,0,XX,0,0,0,89.9,82.5,0,0,0,0,07-JAN-2016,
FUTSTK,RCOM,31-Mar-2016,0,XX,0,0,0,89.9,84.25,0,0,0,0,08-JAN-2016,
FUTSTK,RCOM,31-Mar-2016,0,XX,0,0,0,89.9,85.15,0,0,0,0,11-JAN-2016,
FUTSTK,RCOM,31-Mar-2016,0,XX,0,0,0,89.9,81.45,0,0,0,0,12-JAN-2016,
FUTSTK,RCOM,31-Mar-2016,0,XX,0,0,0,89.9,80.3,0,0,0,0,13-JAN-2016,
FUTSTK,RCOM,31-Mar-2016,0,XX,78.85,78.85,78.85,78.85,79.4,2,12.61,16000,16000,14-JAN-2016,
FUTSTK,RCOM,31-Mar-2016,0,XX,77.25,77.25,77.25,77.25,74.25,1,6.18,24000,8000,15-JAN-2016,
FUTSTK,RCOM,31-Mar-2016,0,XX,0,0,0,77.25,71.65,0,0,24000,0,18-JAN-2016,
FUTSTK,RCOM,31-Mar-2016,0,XX,0,0,0,77.25,74.4,0,0,24000,0,19-JAN-2016,
FUTSTK,RCOM,31-Mar-2016,0,XX,68.15,68.15,67.25,67.25,69.45,4,21.64,24000,0,20-JAN-2016,
FUTSTK,RCOM,31-Mar-2016,0,XX,69,69,66.2,66.5,67.25,10,53.9,56000,32000,21-JAN-2016,
FUTSTK,RCOM,31-Mar-2016,0,XX,67,68.1,66.9,67,67,9,48.52,88000,32000,22-JAN-2016,
FUTSTK,RCOM,31-Mar-2016,0,XX,67.75,67.75,65,66,66,16,84.61,136000,48000,25-JAN-2016,
FUTSTK,RCOM,31-Mar-2016,0,XX,64.7,64.7,63,63.85,63.9,20,102.28,240000,104000,27-JAN-2016,
FUTSTK,RCOM,31-Mar-2016,0,XX,63.1,63.3,62.4,62.65,62.65,23,115.59,352000,112000,28-JAN-2016,
FUTSTK,RCOM,28-Apr-2016,0,XX,0,0,0,63.4,63.4,0,0,0,0,29-JAN-2016,
FUTSTK,RCOM,28-Apr-2016,0,XX,0,0,0,63.4,61.85,0,0,0,0,01-FEB-2016,
FUTSTK,RCOM,28-Apr-2016,0,XX,0,0,0,63.4,60.75,0,0,0,0,02-FEB-2016,
FUTSTK,RCOM,28-Apr-2016,0,XX,57,57,57,57,57.55,1,4.56,8000,8000,03-FEB-2016,
FUTSTK,RCOM,28-Apr-2016,0,XX,0,0,0,57,56.05,0,0,8000,0,04-FEB-2016,
FUTSTK,RCOM,28-Apr-2016,0,XX,0,0,0,57,58.75,0,0,8000,0,05-FEB-2016,
FUTSTK,RCOM,28-Apr-2016,0,XX,0,0,0,57,57.9,0,0,8000,0,08-FEB-2016,
FUTSTK,RCOM,28-Apr-2016,0,XX,0,0,0,57,58.9,0,0,8000,0,09-FEB-2016,
FUTSTK,RCOM,28-Apr-2016,0,XX,0,0,0,57,57.2,0,0,8000,0,10-FEB-2016,
FUTSTK,RCOM,28-Apr-2016,0,XX,0,0,0,57,53.1,0,0,8000,0,11-FEB-2016,
FUTSTK,RCOM,28-Apr-2016,0,XX,0,0,0,57,51.65,0,0,8000,0,12-FEB-2016,
FUTSTK,RCOM,28-Apr-2016,0,XX,0,0,0,57,52.55,0,0,8000,0,15-FEB-2016,
FUTSTK,RCOM,28-Apr-2016,0,XX,51.5,51.5,51,51,50.3,2,8.2,24000,16000,16-FEB-2016,
FUTSTK,RCOM,28-Apr-2016,0,XX,47.4,47.4,47.4,47.4,50.6,1,3.79,32000,8000,17-FEB-2016,
FUTSTK,RCOM,28-Apr-2016,0,XX,51.35,51.35,50.1,50.1,51.1,2,8.11,32000,0,18-FEB-2016,
FUTSTK,RCOM,28-Apr-2016,0,XX,51.2,51.2,51,51.15,51.2,3,12.26,48000,16000,19-FEB-2016,
FUTSTK,RCOM,28-Apr-2016,0,XX,51.2,51.2,51,51,51,2,8.17,64000,16000,22-FEB-2016,
FUTSTK,RCOM,28-Apr-2016,0,XX,52.05,53.1,52,52.7,52.7,11,46.34,96000,32000,23-FEB-2016,
FUTSTK,RCOM,28-Apr-2016,0,XX,53.6,55,53.4,53.95,53.95,30,129.86,208000,112000,24-FEB-2016,
FUTSTK,RCOM,28-Apr-2016,0,XX,54.25,56,54.25,55.05,55.05,42,186.19,400000,192000,25-FEB-2016,
FUTSTK,RCOM,26-May-2016,0,XX,0,0,0,55.6,54.55,0,0,0,0,26-FEB-2016,
FUTSTK,RCOM,26-May-2016,0,XX,0,0,0,55.6,52.8,0,0,0,0,29-FEB-2016,
FUTSTK,RCOM,26-May-2016,0,XX,0,0,0,55.6,54.9,0,0,0,0,01-MAR-2016,
FUTSTK,RCOM,26-May-2016,0,XX,0,0,0,55.6,55.75,0,0,0,0,02-MAR-2016,
FUTSTK,RCOM,26-May-2016,0,XX,0,0,0,55.6,56.05,0,0,0,0,03-MAR-2016,
FUTSTK,RCOM,26-May-2016,0,XX,0,0,0,55.6,56.4,0,0,0,0,04-MAR-2016,
FUTSTK,RCOM,26-May-2016,0,XX,54.85,54.85,54.85,54.85,55.55,1,4.38,8000,8000,08-MAR-2016,
FUTSTK,RCOM,26-May-2016,0,XX,0,0,0,54.85,56.05,0,0,8000,0,09-MAR-2016,
FUTSTK,RCOM,26-May-2016,0,XX,0,0,0,54.85,54.75,0,0,8000,0,10-MAR-2016,
FUTSTK,RCOM,26-May-2016,0,XX,54.25,54.25,53.5,53.5,53.85,3,12.96,32000,24000,11-MAR-2016,
FUTSTK,RCOM,26-May-2016,0,XX,53.9,53.9,52.7,52.85,52.85,3,12.75,48000,16000,14-MAR-2016,
FUTSTK,RCOM,26-May-2016,0,XX,52.8,52.8,52.65,52.35,52.35,5,21.03,88000,40000,15-MAR-2016,
FUTSTK,RCOM,26-May-2016,0,XX,52.3,52.3,50.3,51.6,51.6,8,32.82,120000,32000,16-MAR-2016,
FUTSTK,RCOM,26-May-2016,0,XX,52,52.2,52,51.6,51.6,5,20.75,128000,8000,17-MAR-2016,
FUTSTK,RCOM,26-May-2016,0,XX,52.3,52.3,52.3,52.85,52.85,3,12.54,120000,-8000,18-MAR-2016,
FUTSTK,RCOM,26-May-2016,0,XX,52.8,53,52.8,53,53,2,8.46,128000,8000,21-MAR-2016,
FUTSTK,RCOM,26-May-2016,0,XX,0,0,0,53,52.8,0,0,128000,0,22-MAR-2016,
FUTSTK,RCOM,26-May-2016,0,XX,53,53,52.55,52.55,52.75,2,8.44,128000,0,23-MAR-2016,
FUTSTK,RCOM,26-May-2016,0,XX,52.7,53.25,50.6,50.6,50.8,19,78.83,224000,96000,28-MAR-2016,
FUTSTK,RCOM,26-May-2016,0,XX,50.6,50.7,50.1,50.15,50.15,8,32.25,256000,32000,29-MAR-2016,
FUTSTK,RCOM,26-May-2016,0,XX,50.6,51.2,50,51.05,51.05,25,101.44,400000,144000,30-MAR-2016,
FUTSTK,RCOM,26-May-2016,0,XX,50.8,51.25,50.3,50.45,50.45,41,165.97,688000,288000,31-MAR-2016,
FUTSTK,RCOM,30-Jun-2016,0,XX,0,0,0,51.05,51.35,0,0,0,0,01-APR-2016,
FUTSTK,RCOM,30-Jun-2016,0,XX,0,0,0,51.05,52.25,0,0,0,0,04-APR-2016,
FUTSTK,RCOM,30-Jun-2016,0,XX,0,0,0,51.05,50.25,0,0,0,0,05-APR-2016,
FUTSTK,RCOM,30-Jun-2016,0,XX,0,0,0,51.05,51.85,0,0,0,0,06-APR-2016,
FUTSTK,RCOM,30-Jun-2016,0,XX,0,0,0,51.05,51.05,0,0,0,0,07-APR-2016,
FUTSTK,RCOM,30-Jun-2016,0,XX,0,0,0,51.05,51.25,0,0,0,0,08-APR-2016,
FUTSTK,RCOM,30-Jun-2016,0,XX,0,0,0,51.05,52.5,0,0,0,0,11-APR-2016,
FUTSTK,RCOM,30-Jun-2016,0,XX,0,0,0,51.05,52.25,0,0,0,0,12-APR-2016,
FUTSTK,RCOM,30-Jun-2016,0,XX,0,0,0,51.05,53.85,0,0,0,0,13-APR-2016,
FUTSTK,RCOM,30-Jun-2016,0,XX,0,0,0,51.05,55,0,0,0,0,18-APR-2016,
FUTSTK,RCOM,30-Jun-2016,0,XX,0,0,0,51.05,55,0,0,0,0,20-APR-2016,
FUTSTK,RCOM,30-Jun-2016,0,XX,54.5,55.1,54.5,55.1,54.85,5,21.99,40000,40000,21-APR-2016,
FUTSTK,RCOM,30-Jun-2016,0,XX,57.4,58.05,57.4,57.65,57.9,5,23.06,80000,40000,22-APR-2016,
FUTSTK,RCOM,30-Jun-2016,0,XX,58.5,58.5,57,57,57.3,3,13.92,104000,24000,25-APR-2016,
FUTSTK,RCOM,30-Jun-2016,0,XX,58.25,58.4,57.95,58.1,58.1,33,153.34,312000,208000,26-APR-2016,
FUTSTK,RCOM,30-Jun-2016,0,XX,58.5,60,58.2,60,60,26,123.6,304000,-8000,27-APR-2016,
FUTSTK,RCOM,30-Jun-2016,0,XX,60,60.95,58.15,58.4,58.4,40,190.44,472000,168000,28-APR-2016,
FUTSTK,RCOM,28-Jul-2016,0,XX,0,0,0,58.95,57.25,0,0,0,0,29-APR-2016,
FUTSTK,RCOM,28-Jul-2016,0,XX,58.2,58.2,57.8,57.8,57.55,19,110.38,180000,180000,02-MAY-2016,
FUTSTK,RCOM,28-Jul-2016,0,XX,0,0,0,57.8,58.45,0,0,180000,0,03-MAY-2016,
FUTSTK,RCOM,28-Jul-2016,0,XX,0,0,0,57.8,55.95,0,0,180000,0,04-MAY-2016,
FUTSTK,RCOM,28-Jul-2016,0,XX,0,0,0,57.8,55,0,0,180000,0,05-MAY-2016,
FUTSTK,RCOM,28-Jul-2016,0,XX,55.2,55.2,54.7,54.7,55.05,2,10.99,180000,0,06-MAY-2016,
FUTSTK,RCOM,28-Jul-2016,0,XX,0,0,0,54.7,56.6,0,0,180000,0,09-MAY-2016,
FUTSTK,RCOM,28-Jul-2016,0,XX,0,0,0,54.7,56.5,0,0,180000,0,10-MAY-2016,
FUTSTK,RCOM,28-Jul-2016,0,XX,0,0,0,54.7,55.15,0,0,180000,0,11-MAY-2016,
FUTSTK,RCOM,28-Jul-2016,0,XX,0,0,0,54.7,55.5,0,0,180000,0,12-MAY-2016,
FUTSTK,RCOM,28-Jul-2016,0,XX,53.6,53.6,52,52,52.5,3,15.76,200000,20000,13-MAY-2016,
FUTSTK,RCOM,28-Jul-2016,0,XX,50.95,50.95,50.95,50.95,51.75,1,5.09,210000,10000,16-MAY-2016,
FUTSTK,RCOM,28-Jul-2016,0,XX,0,0,0,50.95,52,0,0,210000,0,17-MAY-2016,
FUTSTK,RCOM,28-Jul-2016,0,XX,51.7,51.7,50.5,51.35,51.35,19,97.5,110000,-100000,18-MAY-2016,
FUTSTK,RCOM,28-Jul-2016,0,XX,51.85,53.35,51.5,51.5,51.5,5,26.08,130000,20000,19-MAY-2016,
FUTSTK,RCOM,28-Jul-2016,0,XX,51.1,51.1,50.5,50.65,50.65,7,35.57,150000,20000,20-MAY-2016,
FUTSTK,RCOM,28-Jul-2016,0,XX,51.2,51.2,50.05,50.2,50.2,17,86.53,270000,120000,23-MAY-2016,
FUTSTK,RCOM,28-Jul-2016,0,XX,48.6,48.6,46.4,47.6,47.6,111,522.03,590000,320000,24-MAY-2016,
FUTSTK,RCOM,28-Jul-2016,0,XX,48,48.5,47.65,48.05,48.05,36,173.08,760000,170000,25-MAY-2016,
FUTSTK,RCOM,28-Jul-2016,0,XX,48.1,48.4,47.9,48.15,48.15,29,139.55,1020000,260000,26-MAY-2016,
FUTSTK,RCOM,25-Aug-2016,0,XX,50,50.85,50,50,50,5,25.09,30000,30000,27-MAY-2016,
FUTSTK,RCOM,25-Aug-2016,0,XX,51,51,49.75,49.75,49.75,10,50.4,130000,100000,30-MAY-2016,
FUTSTK,RCOM,25-Aug-2016,0,XX,49,49,47.5,47.9,47.9,11,52.83,210000,80000,31-MAY-2016,
FUTSTK,RCOM,25-Aug-2016,0,XX,50.7,51,50.25,50.25,50.1,4,20.22,230000,20000,01-JUN-2016,
FUTSTK,RCOM,25-Aug-2016,0,XX,50.5,51,50.5,51,51.6,2,10.15,210000,-20000,02-JUN-2016,
FUTSTK,RCOM,25-Aug-2016,0,XX,50.6,50.6,50.2,50.2,49.75,2,10.08,210000,0,03-JUN-2016,
FUTSTK,RCOM,25-Aug-2016,0,XX,49.45,49.45,48.55,48.85,48.85,15,73.31,340000,130000,06-JUN-2016,
FUTSTK,RCOM,25-Aug-2016,0,XX,0,0,0,48.55,49.1,1,4.87,330000,-10000,07-JUN-2016,
FUTSTK,RCOM,25-Aug-2016,0,XX,0,0,0,48.55,50.05,0,0,330000,0,08-JUN-2016,
FUTSTK,RCOM,25-Aug-2016,0,XX,0,0,0,48.55,49.55,0,0,330000,0,09-JUN-2016,
FUTSTK,RCOM,25-Aug-2016,0,XX,0,0,0,48.55,49.95,0,0,330000,0,10-JUN-2016,
FUTSTK,RCOM,25-Aug-2016,0,XX,0,0,0,48.55,48.55,0,0,330000,0,13-JUN-2016,
FUTSTK,RCOM,25-Aug-2016,0,XX,0,0,0,48.55,48.5,0,0,330000,0,14-JUN-2016,
FUTSTK,RCOM,25-Aug-2016,0,XX,0,0,0,48.55,48.5,0,0,330000,0,15-JUN-2016,
FUTSTK,RCOM,25-Aug-2016,0,XX,0,0,0,48.55,47.4,0,0,330000,0,16-JUN-2016,
FUTSTK,RCOM,25-Aug-2016,0,XX,0,0,0,48.55,47.85,0,0,330000,0,17-JUN-2016,
FUTSTK,RCOM,25-Aug-2016,0,XX,0,0,0,48.55,49.35,0,0,330000,0,20-JUN-2016,
FUTSTK,RCOM,25-Aug-2016,0,XX,49.55,50.8,49.55,49.9,49.1,7,34.97,390000,60000,21-JUN-2016,
FUTSTK,RCOM,25-Aug-2016,0,XX,49.5,49.5,48.25,48.25,48.3,18,87.67,390000,0,22-JUN-2016,
FUTSTK,RCOM,25-Aug-2016,0,XX,49.4,51.05,49,50.4,50.4,16,80.15,540000,150000,23-JUN-2016,
FUTSTK,RCOM,25-Aug-2016,0,XX,0,0,0,50.4,47.8,0,0,540000,0,24-JUN-2016,
FUTSTK,RCOM,25-Aug-2016,0,XX,0,0,0,50.4,48.2,0,0,540000,0,27-JUN-2016,
FUTSTK,RCOM,25-Aug-2016,0,XX,0,0,0,50.4,48.85,0,0,540000,0,28-JUN-2016,
FUTSTK,RCOM,25-Aug-2016,0,XX,0,0,0,50.4,49.15,0,0,540000,0,29-JUN-2016,
FUTSTK,RCOM,25-Aug-2016,0,XX,50.8,52.1,50.55,51.7,51.7,83,427.45,1150000,610000,30-JUN-2016,
FUTSTK,RCOM,29-Sep-2016,0,XX,51.5,51.5,51.5,51.5,51.65,1,5.15,10000,10000,01-JUL-2016,
FUTSTK,RCOM,29-Sep-2016,0,XX,52.6,52.6,52.6,52.6,52.6,1,5.26,20000,10000,04-JUL-2016,
FUTSTK,RCOM,29-Sep-2016,0,XX,52,53.7,52,53.7,53.1,3,15.92,30000,10000,05-JUL-2016,
FUTSTK,RCOM,29-Sep-2016,0,XX,53.75,53.75,53.75,53.75,53.35,1,5.37,40000,10000,07-JUL-2016,
FUTSTK,RCOM,29-Sep-2016,0,XX,52.4,52.4,51.1,51.1,51.6,12,62.11,160000,120000,08-JUL-2016,
FUTSTK,RCOM,29-Sep-2016,0,XX,51.1,52.5,51.1,52.35,52.3,5,26.06,160000,0,11-JUL-2016,
FUTSTK,RCOM,29-Sep-2016,0,XX,53.2,53.2,52.9,53.05,53.05,4,21.21,180000,20000,12-JUL-2016,
FUTSTK,RCOM,29-Sep-2016,0,XX,0,0,0,53.05,51.55,0,0,180000,0,13-JUL-2016,
FUTSTK,RCOM,29-Sep-2016,0,XX,51.35,51.35,51.35,51.35,52.05,1,5.13,190000,10000,14-JUL-2016,
FUTSTK,RCOM,29-Sep-2016,0,XX,51.7,51.7,51.7,51.7,52.35,1,5.17,200000,10000,15-JUL-2016,
FUTSTK,RCOM,29-Sep-2016,0,XX,51.8,51.8,49.4,50.25,50.25,8,40.42,260000,60000,18-JUL-2016,
FUTSTK,RCOM,29-Sep-2016,0,XX,49.7,49.7,49.7,49.7,49.7,1,4.97,270000,10000,19-JUL-2016,
FUTSTK,RCOM,29-Sep-2016,0,XX,49.9,49.9,49.9,49.9,51.05,1,4.99,260000,-10000,20-JUL-2016,
FUTSTK,RCOM,29-Sep-2016,0,XX,0,0,0,49.9,50.85,0,0,260000,0,21-JUL-2016,
FUTSTK,RCOM,29-Sep-2016,0,XX,0,0,0,49.9,52.15,0,0,260000,0,22-JUL-2016,
FUTSTK,RCOM,29-Sep-2016,0,XX,0,0,0,49.9,52.25,0,0,260000,0,25-JUL-2016,
FUTSTK,RCOM,29-Sep-2016,0,XX,0,0,0,49.9,51.4,0,0,260000,0,26-JUL-2016,
FUTSTK,RCOM,29-Sep-2016,0,XX,52.55,52.75,51.8,52.15,52.15,25,130.49,420000,160000,27-JUL-2016,
FUTSTK,RCOM,29-Sep-2016,0,XX,52.55,52.85,52,52.15,52.15,46,240.95,720000,300000,28-JUL-2016,
FUTSTK,RCOM,27-Oct-2016,0,XX,54,54,53.45,53.45,53.55,3,16.14,10000,10000,29-JUL-2016,
FUTSTK,RCOM,27-Oct-2016,0,XX,53.9,53.9,52.3,52.3,52.75,5,26.55,60000,50000,01-AUG-2016,
FUTSTK,RCOM,27-Oct-2016,0,XX,52.15,52.15,51.1,51.1,51.6,2,10.32,80000,20000,02-AUG-2016,
FUTSTK,RCOM,27-Oct-2016,0,XX,50.9,51.75,49.85,50,50,7,35.37,120000,40000,03-AUG-2016,
FUTSTK,RCOM,27-Oct-2016,0,XX,49.35,49.35,49.35,49.35,50,2,9.87,130000,10000,04-AUG-2016,
FUTSTK,RCOM,27-Oct-2016,0,XX,0,0,0,49.35,51.5,0,0,130000,0,05-AUG-2016,
FUTSTK,RCOM,27-Oct-2016,0,XX,0,0,0,49.35,52.25,0,0,130000,0,08-AUG-2016,
FUTSTK,RCOM,27-Oct-2016,0,XX,0,0,0,49.35,50.9,0,0,130000,0,09-AUG-2016,
FUTSTK,RCOM,27-Oct-2016,0,XX,50.8,50.8,49.6,49.6,49.4,6,30.01,190000,60000,10-AUG-2016,
FUTSTK,RCOM,27-Oct-2016,0,XX,0,0,0,49.6,49.45,0,0,190000,0,11-AUG-2016,
FUTSTK,RCOM,27-Oct-2016,0,XX,0,0,0,49.6,49.8,0,0,190000,0,12-AUG-2016,
FUTSTK,RCOM,27-Oct-2016,0,XX,0,0,0,49.6,48.55,0,0,190000,0,16-AUG-2016,
FUTSTK,RCOM,27-Oct-2016,0,XX,49.3,49.3,49.3,49.3,50.3,1,4.93,180000,-10000,17-AUG-2016,
FUTSTK,RCOM,27-Oct-2016,0,XX,50.6,50.6,50.6,50.6,50.9,1,5.06,170000,-10000,18-AUG-2016,
FUTSTK,RCOM,27-Oct-2016,0,XX,0,0,0,50.6,50.85,0,0,170000,0,19-AUG-2016,
FUTSTK,RCOM,27-Oct-2016,0,XX,0,0,0,50.6,51.2,0,0,170000,0,22-AUG-2016,
FUTSTK,RCOM,27-Oct-2016,0,XX,52,52.25,51.65,52.15,52.15,15,77.94,290000,120000,23-AUG-2016,
FUTSTK,RCOM,27-Oct-2016,0,XX,52.2,52.8,52.2,52.8,52.8,13,68.28,390000,100000,24-AUG-2016,
FUTSTK,RCOM,27-Oct-2016,0,XX,52.6,53.5,52.1,52.25,52.25,43,227.05,660000,270000,25-AUG-2016,
FUTSTK,RCOM,24-Nov-2016,0,XX,52.8,52.8,52.7,52.7,54.9,2,10.55,10000,10000,26-AUG-2016,
FUTSTK,RCOM,24-Nov-2016,0,XX,0,0,0,52.7,54.75,0,0,10000,0,29-AUG-2016,
FUTSTK,RCOM,24-Nov-2016,0,XX,55,55,54.9,54.9,54.65,2,10.99,30000,20000,30-AUG-2016,
FUTSTK,RCOM,24-Nov-2016,0,XX,56.5,56.5,55.05,55.05,54.85,2,11.15,30000,0,31-AUG-2016,
FUTSTK,RCOM,24-Nov-2016,0,XX,51.1,51.1,49.65,49.65,49.9,7,35.21,70000,40000,01-SEP-2016,
FUTSTK,RCOM,24-Nov-2016,0,XX,48.95,50.25,48.95,50.25,50.05,2,9.92,60000,-10000,02-SEP-2016,
FUTSTK,RCOM,24-Nov-2016,0,XX,0,0,0,50.25,50.45,0,0,60000,0,06-SEP-2016,
FUTSTK,RCOM,24-Nov-2016,0,XX,0,0,0,50.25,50.7,0,0,60000,0,07-SEP-2016,
FUTSTK,RCOM,24-Nov-2016,0,XX,0,0,0,50.25,51.25,0,0,60000,0,08-SEP-2016,
FUTSTK,RCOM,24-Nov-2016,0,XX,0,0,0,50.25,51.55,0,0,60000,0,09-SEP-2016,
FUTSTK,RCOM,24-Nov-2016,0,XX,0,0,0,50.25,50.45,0,0,60000,0,12-SEP-2016,
FUTSTK,RCOM,24-Nov-2016,0,XX,0,0,0,50.25,51.85,0,0,60000,0,14-SEP-2016,
FUTSTK,RCOM,24-Nov-2016,0,XX,53.6,53.6,53.6,53.6,50.5,1,5.36,60000,0,15-SEP-2016,
FUTSTK,RCOM,24-Nov-2016,0,XX,0,0,0,53.6,48.9,0,0,60000,0,16-SEP-2016,
FUTSTK,RCOM,24-Nov-2016,0,XX,49.25,49.4,49.25,49.4,49.5,2,9.86,80000,20000,19-SEP-2016,
FUTSTK,RCOM,24-Nov-2016,0,XX,49.45,49.5,49,49,49,5,24.62,130000,50000,20-SEP-2016,
FUTSTK,RCOM,24-Nov-2016,0,XX,49,49,48.55,48.6,48.6,8,38.97,210000,80000,21-SEP-2016,
FUTSTK,RCOM,24-Nov-2016,0,XX,0,0,0,48.6,49.2,1,4.92,210000,0,22-SEP-2016,
FUTSTK,RCOM,24-Nov-2016,0,XX,49,49,48.6,48.6,48.45,5,24.37,250000,40000,23-SEP-2016,
FUTSTK,RCOM,24-Nov-2016,0,XX,48.75,48.75,47.35,47.75,48,17,81.28,330000,80000,26-SEP-2016,
FUTSTK,RCOM,24-Nov-2016,0,XX,47.9,48.1,47.9,48.1,48.6,4,19.31,340000,10000,27-SEP-2016,
FUTSTK,RCOM,24-Nov-2016,0,XX,50.7,50.7,49.3,49.3,48.4,3,14.85,350000,10000,28-SEP-2016,
FUTSTK,RCOM,24-Nov-2016,0,XX,48.7,48.7,44,44.6,42.8,41,195.85,490000,140000,29-SEP-2016,
FUTSTK,RCOM,29-Dec-2016,0,XX,47,47,47,47,47,2,9.4,20000,20000,30-SEP-2016,
FUTSTK,RCOM,29-Dec-2016,0,XX,47.75,47.75,47.75,47.75,47.75,1,4.77,30000,10000,03-OCT-2016,
FUTSTK,RCOM,29-Dec-2016,0,XX,0,0,0,47.75,47.65,0,0,30000,0,04-OCT-2016,
FUTSTK,RCOM,29-Dec-2016,0,XX,47.45,47.45,47.45,47.45,47.45,1,4.74,30000,0,05-OCT-2016,
FUTSTK,RCOM,29-Dec-2016,0,XX,47,47,47,47,47.1,1,4.7,30000,0,06-OCT-2016,
FUTSTK,RCOM,29-Dec-2016,0,XX,47.9,47.9,47.9,47.9,48.2,2,9.61,40000,10000,07-OCT-2016,
FUTSTK,RCOM,29-Dec-2016,0,XX,48.3,48.7,48.3,48.7,48,3,14.55,50000,10000,10-OCT-2016,
FUTSTK,RCOM,29-Dec-2016,0,XX,0,0,0,48.7,47.4,0,0,50000,0,13-OCT-2016,
FUTSTK,RCOM,29-Dec-2016,0,XX,0,0,0,48.7,48.6,0,0,50000,0,14-OCT-2016,
FUTSTK,RCOM,29-Dec-2016,0,XX,47.55,47.55,46.95,46.95,47.15,8,37.92,100000,50000,17-OCT-2016,
FUTSTK,RCOM,29-Dec-2016,0,XX,47.2,47.4,47.2,47.4,47.3,4,18.91,130000,30000,18-OCT-2016,
FUTSTK,RCOM,29-Dec-2016,0,XX,48.7,48.7,48.15,48.15,47.6,4,19.36,170000,40000,19-OCT-2016,
FUTSTK,RCOM,29-Dec-2016,0,XX,47.8,48,47.8,48,48,6,28.76,220000,50000,20-OCT-2016,
FUTSTK,RCOM,29-Dec-2016,0,XX,47.6,47.6,47.6,47.6,48.4,1,4.76,230000,10000,21-OCT-2016,
FUTSTK,RCOM,29-Dec-2016,0,XX,48.2,48.8,48.05,48.1,48.1,12,57.92,320000,90000,24-OCT-2016,
FUTSTK,RCOM,29-Dec-2016,0,XX,48,48,47.4,47.65,47.65,21,100.04,400000,80000,25-OCT-2016,
FUTSTK,RCOM,29-Dec-2016,0,XX,47.6,48.1,47,47.1,47.1,48,228.11,580000,180000,26-OCT-2016,
FUTSTK,RCOM,29-Dec-2016,0,XX,47.25,47.35,46.45,46.55,46.55,36,168.8,810000,230000,27-OCT-2016,
FUTSTK,RCOM,25-Jan-2017,0,XX,47.6,47.6,47.6,47.6,47.6,3,17.13,36000,36000,28-OCT-2016,
FUTSTK,RCOM,25-Jan-2017,0,XX,47.4,47.4,47,47,47.25,3,16.99,72000,36000,01-NOV-2016,
FUTSTK,RCOM,25-Jan-2017,0,XX,46.95,46.95,46.8,46.9,46.9,2,11.25,84000,12000,02-NOV-2016,
FUTSTK,RCOM,25-Jan-2017,0,XX,47.1,47.1,46.9,46.9,47.05,4,22.55,108000,24000,03-NOV-2016,
FUTSTK,RCOM,25-Jan-2017,0,XX,46.7,46.7,44.6,44.6,44.6,15,82.45,120000,12000,04-NOV-2016,
FUTSTK,RCOM,25-Jan-2017,0,XX,0,0,0,44.6,45.7,0,0,120000,0,07-NOV-2016,
FUTSTK,RCOM,25-Jan-2017,0,XX,45.6,45.7,45.6,45.65,45.65,2,10.95,120000,0,08-NOV-2016,
FUTSTK,RCOM,25-Jan-2017,0,XX,42.75,43,40.3,42.9,42.9,11,55.65,132000,12000,09-NOV-2016,
FUTSTK,RCOM,25-Jan-2017,0,XX,44.4,44.4,44.4,44.4,44.35,1,5.32,144000,12000,10-NOV-2016,
FUTSTK,RCOM,25-Jan-2017,0,XX,43.65,43.65,42.45,42.45,42.4,2,10.33,168000,24000,11-NOV-2016,
FUTSTK,RCOM,25-Jan-2017,0,XX,41.6,42,40.4,40.4,40,10,49.36,228000,60000,15-NOV-2016,
FUTSTK,RCOM,25-Jan-2017,0,XX,39.75,39.9,39.5,39.55,39,6,28.57,276000,48000,16-NOV-2016,
FUTSTK,RCOM,25-Jan-2017,0,XX,39.1,39.1,38.55,38.7,38.7,12,55.86,348000,72000,17-NOV-2016,
FUTSTK,RCOM,25-Jan-2017,0,XX,38.55,39.05,38.55,38.7,38.7,13,60.56,240000,-108000,18-NOV-2016,
FUTSTK,RCOM,25-Jan-2017,0,XX,38.8,38.8,36.8,36.95,36.95,40,180.57,408000,168000,21-NOV-2016,
FUTSTK,RCOM,25-Jan-2017,0,XX,36.8,36.9,34.7,35.35,35.35,79,335.93,768000,360000,22-NOV-2016,
FUTSTK,RCOM,25-Jan-2017,0,XX,35.5,36.55,35.35,35.7,35.7,23,98.77,924000,156000,23-NOV-2016,
FUTSTK,RCOM,25-Jan-2017,0,XX,35.4,35.6,34.65,34.9,34.9,43,181.96,1272000,348000,24-NOV-2016,
FUTSTK,RCOM,23-Feb-2017,0,XX,35.25,35.25,35,35,35.55,2,8.43,24000,24000,25-NOV-2016,
FUTSTK,RCOM,23-Feb-2017,0,XX,36.05,36.65,36.05,36.4,36.4,4,17.48,48000,24000,28-NOV-2016,
FUTSTK,RCOM,23-Feb-2017,0,XX,37.4,37.4,36.9,36.9,37.1,4,17.84,72000,24000,29-NOV-2016,
FUTSTK,RCOM,23-Feb-2017,0,XX,0,0,0,36.9,38.35,0,0,72000,0,30-NOV-2016,
FUTSTK,RCOM,23-Feb-2017,0,XX,37.95,37.95,36.45,36.45,36.3,4,17.84,120000,48000,01-DEC-2016,
FUTSTK,RCOM,23-Feb-2017,0,XX,0,0,0,36.45,36.35,0,0,120000,0,02-DEC-2016,
FUTSTK,RCOM,23-Feb-2017,0,XX,36.1,36.1,36.1,36.1,36.55,1,4.33,132000,12000,05-DEC-2016,
FUTSTK,RCOM,23-Feb-2017,0,XX,0,0,0,36.1,36.7,0,0,132000,0,06-DEC-2016,
FUTSTK,RCOM,23-Feb-2017,0,XX,36.65,36.8,36.65,36.8,36.8,2,8.81,108000,-24000,07-DEC-2016,
FUTSTK,RCOM,23-Feb-2017,0,XX,0,0,0,36.8,37.05,0,0,108000,0,08-DEC-2016,
FUTSTK,RCOM,23-Feb-2017,0,XX,37.4,37.45,37.4,37.45,37.4,2,8.98,132000,24000,09-DEC-2016,
FUTSTK,RCOM,23-Feb-2017,0,XX,37.15,37.15,36.3,36.35,36.35,7,30.78,204000,72000,12-DEC-2016,
FUTSTK,RCOM,23-Feb-2017,0,XX,36.3,36.3,36.3,36.3,36.55,1,4.35,216000,12000,13-DEC-2016,
FUTSTK,RCOM,23-Feb-2017,0,XX,0,0,0,36.3,36.25,0,0,216000,0,14-DEC-2016,
FUTSTK,RCOM,23-Feb-2017,0,XX,0,0,0,36.3,36.25,0,0,216000,0,15-DEC-2016,
FUTSTK,RCOM,23-Feb-2017,0,XX,35.85,35.85,35.65,35.65,36.15,4,17.17,264000,48000,16-DEC-2016,
FUTSTK,RCOM,23-Feb-2017,0,XX,35.95,36.2,35.95,36.2,36.45,8,34.59,348000,84000,19-DEC-2016,
FUTSTK,RCOM,23-Feb-2017,0,XX,36.2,36.2,35.35,35.35,35.45,6,25.71,408000,60000,20-DEC-2016,
FUTSTK,RCOM,23-Feb-2017,0,XX,36.1,38.75,36.1,37.9,37.9,16,72.74,432000,24000,21-DEC-2016,
FUTSTK,RCOM,23-Feb-2017,0,XX,37.55,37.55,35.95,36.05,36.05,69,302.13,960000,528000,22-DEC-2016,
FUTSTK,RCOM,23-Feb-2017,0,XX,35.05,35.6,35.05,35.1,35.1,16,67.64,1104000,144000,23-DEC-2016,
FUTSTK,RCOM,23-Feb-2017,0,XX,33.9,33.95,33.1,33.15,33.15,42,168.87,1380000,276000,26-DEC-2016,
FUTSTK,RCOM,23-Feb-2017,0,XX,33,33.6,32.85,33.6,33.6,74,295.83,1968000,588000,27-DEC-2016,
FUTSTK,RCOM,23-Feb-2017,0,XX,33.4,33.85,33.4,33.45,33.45,73,295.18,2640000,672000,28-DEC-2016,
FUTSTK,RCOM,23-Feb-2017,0,XX,33.45,33.9,33.4,33.8,33.8,79,318.37,3096000,456000,29-DEC-2016,
FUTSTK,RCOM,30-Mar-2017,0,XX,34.7,34.7,34.7,34.7,34.6,1,4.16,12000,12000,30-DEC-2016,
FUTSTK,RCOM,30-Mar-2017,0,XX,34.8,34.8,34.8,34.8,35.3,1,4.17,24000,12000,02-JAN-2017,
FUTSTK,RCOM,30-Mar-2017,0,XX,34.8,34.8,34.35,34.35,34.35,3,12.46,60000,36000,03-JAN-2017,
FUTSTK,RCOM,30-Mar-2017,0,XX,34.5,34.8,34.25,34.55,34.85,13,53.8,180000,120000,04-JAN-2017,
FUTSTK,RCOM,30-Mar-2017,0,XX,0,0,0,34.55,35.1,0,0,180000,0,05-JAN-2017,
FUTSTK,RCOM,30-Mar-2017,0,XX,34.5,34.5,34,34.2,34.35,32,131.76,432000,252000,06-JAN-2017,
FUTSTK,RCOM,30-Mar-2017,0,XX,33.6,33.6,33.4,33.4,33.6,8,32.17,504000,72000,09-JAN-2017,
FUTSTK,RCOM,30-Mar-2017,0,XX,33.4,33.65,33.3,33.3,33.5,8,32.17,552000,48000,10-JAN-2017,
FUTSTK,RCOM,30-Mar-2017,0,XX,33.7,33.7,33.15,33.45,33.55,28,112.18,756000,204000,11-JAN-2017,
FUTSTK,RCOM,30-Mar-2017,0,XX,33.4,33.4,32.6,32.75,32.75,52,205.09,1056000,300000,12-JAN-2017,
FUTSTK,RCOM,30-Mar-2017,0,XX,32.75,32.8,31.3,31.7,31.7,38,146.85,1320000,264000,13-JAN-2017,
FUTSTK,RCOM,30-Mar-2017,0,XX,31.35,32.45,31.3,31.85,31.85,58,220.2,1536000,216000,16-JAN-2017,
FUTSTK,RCOM,30-Mar-2017,0,XX,31.7,31.75,31.7,32.55,32.55,15,57.34,1536000,0,17-JAN-2017,
FUTSTK,RCOM,30-Mar-2017,0,XX,32.5,33,32.25,32.55,32.55,54,211.35,1488000,-48000,18-JAN-2017,
FUTSTK,RCOM,30-Mar-2017,0,XX,32.5,32.7,31.7,32.7,32.7,27,104.89,1428000,-60000,19-JAN-2017,
FUTSTK,RCOM,30-Mar-2017,0,XX,32.1,32.1,31.8,31.5,31.5,6,22.93,1440000,12000,20-JAN-2017,
FUTSTK,RCOM,30-Mar-2017,0,XX,31.55,31.55,30.95,31.15,31.15,22,82.35,1524000,84000,23-JAN-2017,
FUTSTK,RCOM,30-Mar-2017,0,XX,31.25,31.8,31.2,31.45,31.45,16,60.36,1584000,60000,24-JAN-2017,
FUTSTK,RCOM,30-Mar-2017,0,XX,31,31.2,30.75,31.05,31.05,48,178.45,1932000,348000,25-JAN-2017,
FUTSTK,RCOM,27-Apr-2017,0,XX,31.5,31.6,31.2,31.35,31.35,8,30.18,96000,96000,27-JAN-2017,
FUTSTK,RCOM,27-Apr-2017,0,XX,33,35.5,32.75,34.55,35.05,12,48.64,156000,60000,30-JAN-2017,
FUTSTK,RCOM,27-Apr-2017,0,XX,35.5,35.5,34.5,34.7,34.7,13,54.34,276000,120000,31-JAN-2017,
FUTSTK,RCOM,27-Apr-2017,0,XX,34.35,34.45,33.9,34.45,34.8,6,24.71,312000,36000,01-FEB-2017,
FUTSTK,RCOM,27-Apr-2017,0,XX,34.75,34.75,34.4,34.4,34.25,3,12.43,348000,36000,02-FEB-2017,
FUTSTK,RCOM,27-Apr-2017,0,XX,35.05,39.4,35.05,37.1,37.1,30,135.4,444000,96000,03-FEB-2017,
FUTSTK,RCOM,27-Apr-2017,0,XX,37.3,37.3,36.1,37.25,36.4,21,92.4,552000,108000,06-FEB-2017,
FUTSTK,RCOM,27-Apr-2017,0,XX,0,0,0,37.25,36.1,0,0,552000,0,07-FEB-2017,
FUTSTK,RCOM,27-Apr-2017,0,XX,0,0,0,37.25,36.15,0,0,552000,0,08-FEB-2017,
FUTSTK,RCOM,27-Apr-2017,0,XX,0,0,0,37.25,35.95,0,0,552000,0,09-FEB-2017,
FUTSTK,RCOM,27-Apr-2017,0,XX,0,0,0,37.25,35.1,0,0,552000,0,10-FEB-2017,
FUTSTK,RCOM,27-Apr-2017,0,XX,33.9,34,33.65,33.8,33.8,4,16.24,552000,0,13-FEB-2017,
FUTSTK,RCOM,27-Apr-2017,0,XX,34.1,34.2,34.1,34.95,34.95,3,12.39,552000,0,14-FEB-2017,
FUTSTK,RCOM,27-Apr-2017,0,XX,33.75,33.75,33.75,33.75,33.15,1,4.05,564000,12000,15-FEB-2017,
FUTSTK,RCOM,27-Apr-2017,0,XX,0,0,0,33.75,33.7,0,0,564000,0,16-FEB-2017,
FUTSTK,RCOM,27-Apr-2017,0,XX,33.75,33.75,33.2,33.6,33.6,12,48.17,672000,108000,17-FEB-2017,
FUTSTK,RCOM,27-Apr-2017,0,XX,35.2,35.2,34.9,34.9,34.9,15,63.08,828000,156000,20-FEB-2017,
FUTSTK,RCOM,27-Apr-2017,0,XX,35.2,36.45,34.85,35.95,35.95,41,175.3,1044000,216000,21-FEB-2017,
FUTSTK,RCOM,27-Apr-2017,0,XX,36.25,36.7,35.7,36.15,36.15,38,165.04,1236000,192000,22-FEB-2017,
FUTSTK,RCOM,27-Apr-2017,0,XX,36.8,38.2,36.8,37.5,37.5,28,126.71,1272000,36000,23-FEB-2017,
FUTSTK,RCOM,25-May-2017,0,XX,0,0,0,37.5,37.3,0,0,0,0,27-FEB-2017,
FUTSTK,RCOM,25-May-2017,0,XX,0,0,0,37.5,39.5,0,0,0,0,28-FEB-2017,
FUTSTK,RCOM,25-May-2017,0,XX,0,0,0,37.5,39.35,0,0,0,0,01-MAR-2017,
FUTSTK,RCOM,25-May-2017,0,XX,39.35,39.35,38.2,38.2,37.9,4,18.61,48000,48000,02-MAR-2017,
FUTSTK,RCOM,25-May-2017,0,XX,38.2,38.2,37.9,38,38.05,4,18.24,96000,48000,03-MAR-2017,
FUTSTK,RCOM,25-May-2017,0,XX,38.7,38.7,38.7,38.7,38.05,1,4.64,108000,12000,06-MAR-2017,
FUTSTK,RCOM,25-May-2017,0,XX,37.5,37.65,36.5,36.7,36.7,21,93.68,324000,216000,07-MAR-2017,
FUTSTK,RCOM,25-May-2017,0,XX,36.65,36.65,35.6,35.6,35.05,8,34.43,396000,72000,08-MAR-2017,
FUTSTK,RCOM,25-May-2017,0,XX,34.5,36.4,34.5,36.4,36,6,25.68,444000,48000,09-MAR-2017,
FUTSTK,RCOM,25-May-2017,0,XX,0,0,0,36.4,36.55,0,0,444000,0,10-MAR-2017,
FUTSTK,RCOM,25-May-2017,0,XX,37.5,37.5,37.5,37.5,36.85,1,4.5,432000,-12000,14-MAR-2017,
FUTSTK,RCOM,25-May-2017,0,XX,37.7,38.45,37.7,38,37.3,8,36.49,432000,0,15-MAR-2017,
FUTSTK,RCOM,25-May-2017,0,XX,0,0,0,38,38.7,0,0,432000,0,16-MAR-2017,
FUTSTK,RCOM,25-May-2017,0,XX,0,0,0,38,38.75,0,0,432000,0,17-MAR-2017,
FUTSTK,RCOM,25-May-2017,0,XX,39.2,39.3,38.5,38.5,38.7,3,14.04,468000,36000,20-MAR-2017,
FUTSTK,RCOM,25-May-2017,0,XX,38.1,38.7,38.1,38.7,38.7,4,18.41,492000,24000,21-MAR-2017,
FUTSTK,RCOM,25-May-2017,0,XX,38,38,37.9,37.9,37.9,4,18.21,528000,36000,22-MAR-2017,
FUTSTK,RCOM,25-May-2017,0,XX,38.05,38.2,38.05,38.2,38.3,2,9.15,540000,12000,23-MAR-2017,
FUTSTK,RCOM,25-May-2017,0,XX,38.65,38.95,38.65,38.95,38.95,7,32.65,564000,24000,24-MAR-2017,
FUTSTK,RCOM,25-May-2017,0,XX,38.95,38.95,37.9,38.25,38.6,14,64.33,660000,96000,27-MAR-2017,
FUTSTK,RCOM,25-May-2017,0,XX,38.5,38.8,38.5,38.65,38.8,7,32.5,732000,72000,28-MAR-2017,
FUTSTK,RCOM,25-May-2017,0,XX,38.65,39.25,38.55,38.6,38.6,18,83.83,888000,156000,29-MAR-2017,
FUTSTK,RCOM,25-May-2017,0,XX,38.7,38.75,38.55,38.75,38.75,11,51.06,972000,84000,30-MAR-2017,
FUTSTK,RCOM,29-Jun-2017,0,XX,38.6,38.6,38.6,38.6,38.95,1,4.63,12000,12000,31-MAR-2017,
FUTSTK,RCOM,29-Jun-2017,0,XX,38.6,39.4,38.6,39.35,39.6,4,18.78,48000,36000,03-APR-2017,
FUTSTK,RCOM,29-Jun-2017,0,XX,40.8,40.8,40.8,40.8,41.45,1,4.89,60000,12000,05-APR-2017,
FUTSTK,RCOM,29-Jun-2017,0,XX,41.2,41.5,40.3,40.3,40.75,8,39.06,144000,84000,06-APR-2017,
FUTSTK,RCOM,29-Jun-2017,0,XX,40.4,40.4,39.5,39.5,39.5,16,76.75,312000,168000,07-APR-2017,
FUTSTK,RCOM,29-Jun-2017,0,XX,38.75,38.75,37.8,38,38,90,413.82,1284000,972000,10-APR-2017,
FUTSTK,RCOM,29-Jun-2017,0,XX,37.7,38.15,37.7,37.7,38.2,5,22.71,1320000,36000,11-APR-2017,
FUTSTK,RCOM,29-Jun-2017,0,XX,38.1,38.1,36.7,37,37,10,44.74,1428000,108000,12-APR-2017,
FUTSTK,RCOM,29-Jun-2017,0,XX,36.6,36.7,36,36,36.25,14,61.17,1560000,132000,13-APR-2017,
FUTSTK,RCOM,29-Jun-2017,0,XX,35.65,35.65,34.25,34.5,34.65,21,87.75,1668000,108000,17-APR-2017,
FUTSTK,RCOM,29-Jun-2017,0,XX,34.5,35.4,34.2,34.2,34.2,10,41.64,1776000,108000,18-APR-2017,
FUTSTK,RCOM,29-Jun-2017,0,XX,33.9,34.15,33.6,33.85,34.15,31,125.85,1836000,60000,19-APR-2017,
FUTSTK,RCOM,29-Jun-2017,0,XX,33.7,33.75,33.7,33.75,34.25,2,8.09,1848000,12000,20-APR-2017,
FUTSTK,RCOM,29-Jun-2017,0,XX,34.2,34.3,33.75,33.85,34.3,33,134.31,1956000,108000,21-APR-2017,
FUTSTK,RCOM,29-Jun-2017,0,XX,0,0,0,33.85,34.85,0,0,1956000,0,24-APR-2017,
FUTSTK,RCOM,29-Jun-2017,0,XX,34.9,34.9,34.8,34.8,34.85,4,16.74,1980000,24000,25-APR-2017,
FUTSTK,RCOM,29-Jun-2017,0,XX,34.8,34.8,34.5,33.7,33.7,15,61.44,2016000,36000,26-APR-2017,
FUTSTK,RCOM,29-Jun-2017,0,XX,34.1,34.8,33.9,35.05,35.05,37,152.82,2328000,312000,27-APR-2017,
FUTSTK,RCOM,27-Jul-2017,0,XX,35.1,35.1,34.8,34.95,35,5,24.47,70000,70000,28-APR-2017,
FUTSTK,RCOM,27-Jul-2017,0,XX,34.8,34.8,33.15,33.35,33.35,30,140.92,308000,238000,02-MAY-2017,
FUTSTK,RCOM,27-Jul-2017,0,XX,33.9,33.9,32.6,32.7,32.7,24,110.02,588000,280000,03-MAY-2017,
FUTSTK,RCOM,27-Jul-2017,0,XX,32.75,32.75,31.8,31.85,31.85,19,85.56,798000,210000,04-MAY-2017,
FUTSTK,RCOM,27-Jul-2017,0,XX,31.85,31.85,30.45,30.8,30.8,43,186.67,1246000,448000,05-MAY-2017,
FUTSTK,RCOM,27-Jul-2017,0,XX,31.1,32.65,31.1,32.6,32.6,9,40.41,1302000,56000,08-MAY-2017,
FUTSTK,RCOM,27-Jul-2017,0,XX,32.15,32.5,32,32.5,32.5,6,27.12,1302000,0,09-MAY-2017,
FUTSTK,RCOM,27-Jul-2017,0,XX,32.7,33.6,32.7,33.5,33.6,7,32.43,1288000,-14000,10-MAY-2017,
FUTSTK,RCOM,27-Jul-2017,0,XX,33.1,33.1,32.95,33.05,33.45,4,18.5,1316000,28000,11-MAY-2017,
FUTSTK,RCOM,27-Jul-2017,0,XX,32.8,32.8,32.5,32.75,32.75,7,32.01,1400000,84000,12-MAY-2017,
FUTSTK,RCOM,27-Jul-2017,0,XX,32.3,32.3,31.8,31.8,32.45,11,49.42,1470000,70000,15-MAY-2017,
FUTSTK,RCOM,27-Jul-2017,0,XX,32.5,32.5,32.25,32.35,32.55,4,18.11,1526000,56000,16-MAY-2017,
FUTSTK,RCOM,27-Jul-2017,0,XX,32.45,32.45,32.1,32.25,32.25,6,27.12,1582000,56000,17-MAY-2017,
FUTSTK,RCOM,27-Jul-2017,0,XX,32,32,31.45,31.45,31.45,9,39.91,1680000,98000,18-MAY-2017,
FUTSTK,RCOM,27-Jul-2017,0,XX,31.6,31.7,30.65,30.8,30.8,25,109.27,1918000,238000,19-MAY-2017,
FUTSTK,RCOM,27-Jul-2017,0,XX,30.95,30.95,30,30.1,30.1,41,174.21,2366000,448000,22-MAY-2017,
FUTSTK,RCOM,27-Jul-2017,0,XX,29.15,29.4,27.55,28.15,28.15,67,266.81,2870000,504000,23-MAY-2017,
FUTSTK,RCOM,27-Jul-2017,0,XX,27.3,27.3,25.5,25.5,25.5,8,29.26,2912000,42000,24-MAY-2017,
FUTSTK,RCOM,27-Jul-2017,0,XX,25,26.3,24.95,26.1,26.1,27,95.66,2814000,-98000,25-MAY-2017,
FUTSTK,RCOM,31-Aug-2017,0,XX,0,0,0,26.45,26.2,0,0,0,0,26-MAY-2017,
FUTSTK,RCOM,31-Aug-2017,0,XX,22.6,22.6,20.5,20.5,20.5,10,29.93,126000,126000,29-MAY-2017,
FUTSTK,RCOM,31-Aug-2017,0,XX,20,20.15,19.95,20.15,20.15,16,45.72,252000,126000,30-MAY-2017,
FUTSTK,RCOM,31-Aug-2017,0,XX,19.05,21,18.35,20.15,20.15,32,85.07,518000,266000,31-MAY-2017,
FUTSTK,RCOM,31-Aug-2017,0,XX,0,0,0,20.15,21.1,0,0,518000,0,01-JUN-2017,
FUTSTK,RCOM,31-Aug-2017,0,XX,0,0,0,20.15,21,0,0,518000,0,02-JUN-2017,
FUTSTK,RCOM,31-Aug-2017,0,XX,0,0,0,20.15,21.15,0,0,518000,0,05-JUN-2017,
FUTSTK,RCOM,31-Aug-2017,0,XX,0,0,0,20.15,20.5,0,0,518000,0,06-JUN-2017,
FUTSTK,RCOM,31-Aug-2017,0,XX,0,0,0,20.15,19.65,0,0,518000,0,07-JUN-2017,
FUTSTK,RCOM,31-Aug-2017,0,XX,0,0,0,20.15,19.05,0,0,518000,0,08-JUN-2017,
FUTSTK,RCOM,31-Aug-2017,0,XX,19.2,19.2,19.2,19.05,19.05,2,5.32,532000,14000,09-JUN-2017,
FUTSTK,RCOM,31-Aug-2017,0,XX,18.5,19.25,18.5,18.6,18.6,5,13.11,602000,70000,12-JUN-2017,
FUTSTK,RCOM,31-Aug-2017,0,XX,18.9,18.9,18.05,18.05,18.05,18,45.95,728000,126000,13-JUN-2017,
FUTSTK,RCOM,31-Aug-2017,0,XX,0,0,0,18.05,18.6,0,0,728000,0,14-JUN-2017,
FUTSTK,RCOM,31-Aug-2017,0,XX,18.95,18.95,18.8,18.8,19.35,2,5.28,700000,-28000,15-JUN-2017,
FUTSTK,RCOM,31-Aug-2017,0,XX,0,0,0,18.8,19.35,0,0,700000,0,16-JUN-2017,
FUTSTK,RCOM,31-Aug-2017,0,XX,0,0,0,18.8,19.35,0,0,700000,0,19-JUN-2017,
FUTSTK,RCOM,31-Aug-2017,0,XX,0,0,0,18.8,19.3,0,0,700000,0,20-JUN-2017,
FUTSTK,RCOM,31-Aug-2017,0,XX,20.1,20.1,20.1,20.1,19.95,1,2.81,686000,-14000,21-JUN-2017,
FUTSTK,RCOM,31-Aug-2017,0,XX,20.9,21.15,20.9,20.9,20.35,8,23.57,714000,28000,22-JUN-2017,
FUTSTK,RCOM,31-Aug-2017,0,XX,20.5,21.5,20.5,21.55,21.55,6,17.64,756000,42000,23-JUN-2017,
FUTSTK,RCOM,31-Aug-2017,0,XX,22,22,21.5,21.85,21.95,6,18.24,784000,28000,27-JUN-2017,
FUTSTK,RCOM,31-Aug-2017,0,XX,21.95,21.95,21.7,21.7,21.1,3,9.17,798000,14000,28-JUN-2017,
FUTSTK,RCOM,31-Aug-2017,0,XX,21.75,22.55,21.5,22.3,22.3,209,639.68,2674000,1876000,29-JUN-2017,
FUTSTK,RCOM,28-Sep-2017,0,XX,21.6,21.9,21.6,21.9,21.9,2,6.09,0,0,30-JUN-2017,
FUTSTK,RCOM,28-Sep-2017,0,XX,0,0,0,21.9,22.2,0,0,0,0,03-JUL-2017,
FUTSTK,RCOM,28-Sep-2017,0,XX,22,22,21.25,21.25,21.3,5,15.19,70000,70000,04-JUL-2017,
FUTSTK,RCOM,28-Sep-2017,0,XX,21.9,21.9,21.9,21.9,21.9,1,3.06,56000,-14000,05-JUL-2017,
FUTSTK,RCOM,28-Sep-2017,0,XX,22.1,23.2,21.95,22.85,22.8,23,72.36,350000,294000,06-JUL-2017,
FUTSTK,RCOM,28-Sep-2017,0,XX,22.4,23,22.3,23,23.15,4,12.61,392000,42000,07-JUL-2017,
FUTSTK,RCOM,28-Sep-2017,0,XX,23.4,24.8,23.4,24.8,24.7,14,47.41,462000,70000,10-JUL-2017,
FUTSTK,RCOM,28-Sep-2017,0,XX,24.7,25.15,24.2,24.6,24.6,31,107.26,756000,294000,11-JUL-2017,
FUTSTK,RCOM,28-Sep-2017,0,XX,24.65,24.65,24.5,24.6,24.6,3,10.32,784000,28000,12-JUL-2017,
FUTSTK,RCOM,28-Sep-2017,0,XX,24.4,24.4,24.05,24.05,24.3,4,13.58,840000,56000,13-JUL-2017,
FUTSTK,RCOM,28-Sep-2017,0,XX,24.25,24.25,24.25,24.25,24.65,1,3.39,840000,0,14-JUL-2017,
FUTSTK,RCOM,28-Sep-2017,0,XX,24.75,24.75,24.75,24.75,24.7,2,6.93,868000,28000,17-JUL-2017,
FUTSTK,RCOM,28-Sep-2017,0,XX,24.6,24.6,23.95,24,24,11,37.31,994000,126000,18-JUL-2017,
FUTSTK,RCOM,28-Sep-2017,0,XX,24.55,25.25,24.55,25.2,25.2,14,49.13,1050000,56000,19-JUL-2017,
FUTSTK,RCOM,28-Sep-2017,0,XX,24.9,24.9,24.75,24.75,24.75,3,10.41,1078000,28000,20-JUL-2017,
FUTSTK,RCOM,28-Sep-2017,0,XX,24.6,24.8,24.3,24.3,24.55,8,27.46,1162000,84000,21-JUL-2017,
FUTSTK,RCOM,28-Sep-2017,0,XX,24.85,25.1,24.85,25.1,25.1,4,13.98,1148000,-14000,24-JUL-2017,
FUTSTK,RCOM,28-Sep-2017,0,XX,25.6,26.2,25.55,25.95,25.95,34,123.66,1470000,322000,25-JUL-2017,
FUTSTK,RCOM,28-Sep-2017,0,XX,26.2,26.2,25.6,26.05,26.05,27,97.67,1834000,238000,27-JUL-2017,
FUTSTK,RCOM,26-Oct-2017,0,XX,26,26,25.9,25.9,26.9,2,7.26,28000,28000,28-JUL-2017,
FUTSTK,RCOM,26-Oct-2017,0,XX,26.9,26.9,26.9,26.9,26.9,1,3.76,42000,14000,31-JUL-2017,
FUTSTK,RCOM,26-Oct-2017,0,XX,26.9,27.05,26.25,26.25,26.2,4,14.96,98000,56000,01-AUG-2017,
FUTSTK,RCOM,26-Oct-2017,0,XX,26.2,26.25,25.5,25.5,25.5,22,79.7,266000,168000,02-AUG-2017,
FUTSTK,RCOM,26-Oct-2017,0,XX,25,25,23.35,23.4,23.45,13,43.81,392000,126000,03-AUG-2017,
FUTSTK,RCOM,26-Oct-2017,0,XX,22.9,23.6,22.9,23.1,23.65,6,19.5,462000,70000,04-AUG-2017,
FUTSTK,RCOM,26-Oct-2017,0,XX,24.15,24.15,24.15,24.15,24.25,1,3.38,476000,14000,07-AUG-2017,
FUTSTK,RCOM,26-Oct-2017,0,XX,23.5,23.5,23.5,23.5,23.25,2,6.58,504000,28000,08-AUG-2017,
FUTSTK,RCOM,26-Oct-2017,0,XX,23.4,23.4,23.1,23.1,22.5,2,6.51,518000,14000,09-AUG-2017,
FUTSTK,RCOM,26-Oct-2017,0,XX,0,0,0,23.1,21.5,0,0,518000,0,10-AUG-2017,
FUTSTK,RCOM,26-Oct-2017,0,XX,0,0,0,23.1,21.05,0,0,518000,0,11-AUG-2017,
FUTSTK,RCOM,26-Oct-2017,0,XX,21.2,23.2,21.2,23.2,24.45,3,9.26,532000,14000,14-AUG-2017,
FUTSTK,RCOM,26-Oct-2017,0,XX,23.35,24.3,23.35,23.6,23.6,6,19.81,574000,42000,16-AUG-2017,
FUTSTK,RCOM,26-Oct-2017,0,XX,0,0,0,23.6,23.5,0,0,574000,0,17-AUG-2017,
FUTSTK,RCOM,26-Oct-2017,0,XX,0,0,0,23.6,24.45,0,0,574000,0,18-AUG-2017,
FUTSTK,RCOM,26-Oct-2017,0,XX,24.5,24.55,23.8,23.8,23.8,6,20.36,630000,56000,21-AUG-2017,
FUTSTK,RCOM,26-Oct-2017,0,XX,23.4,23.4,23.4,23.4,23.2,1,3.27,644000,14000,22-AUG-2017,
FUTSTK,RCOM,26-Oct-2017,0,XX,23.5,23.5,23.5,23.5,23.35,1,3.29,658000,14000,23-AUG-2017,
FUTSTK,RCOM,26-Oct-2017,0,XX,23.15,23.15,23.15,23.15,23.15,1,3.24,672000,14000,24-AUG-2017,
FUTSTK,RCOM,26-Oct-2017,0,XX,23.5,23.55,23.5,23.55,23.55,2,6.58,686000,14000,28-AUG-2017,
FUTSTK,RCOM,26-Oct-2017,0,XX,23.6,23.7,22.75,22.85,22.85,36,116.8,1022000,336000,29-AUG-2017,
FUTSTK,RCOM,26-Oct-2017,0,XX,23.25,23.35,22.9,23,23,27,87.71,1204000,182000,30-AUG-2017,
FUTSTK,RCOM,26-Oct-2017,0,XX,23.2,23.7,23,23.6,23.6,38,123.41,1624000,420000,31-AUG-2017,
FUTSTK,RCOM,30-Nov-2017,0,XX,23.8,23.8,23.8,23.8,23.85,1,3.33,14000,14000,01-SEP-2017,
FUTSTK,RCOM,30-Nov-2017,0,XX,23.6,23.6,23,23,23.15,10,32.55,154000,140000,04-SEP-2017,
FUTSTK,RCOM,30-Nov-2017,0,XX,22.9,23,22.9,22.95,22.95,5,16.04,182000,28000,05-SEP-2017,
FUTSTK,RCOM,30-Nov-2017,0,XX,22.7,22.9,22.7,22.9,22.9,5,15.98,238000,56000,06-SEP-2017,
FUTSTK,RCOM,30-Nov-2017,0,XX,22.8,22.9,22.6,22.9,22.7,5,15.92,280000,42000,07-SEP-2017,
FUTSTK,RCOM,30-Nov-2017,0,XX,22.8,22.8,22.4,22.4,22.5,5,15.79,336000,56000,08-SEP-2017,
FUTSTK,RCOM,30-Nov-2017,0,XX,22.5,22.7,22.45,22.45,22.45,10,31.52,462000,126000,11-SEP-2017,
FUTSTK,RCOM,30-Nov-2017,0,XX,22.6,22.6,22.45,22.45,23,3,9.45,476000,14000,12-SEP-2017,
FUTSTK,RCOM,30-Nov-2017,0,XX,22.9,23.05,21.55,22.1,22.1,31,97.86,910000,434000,13-SEP-2017,
FUTSTK,RCOM,30-Nov-2017,0,XX,21.65,22,21.5,21.5,21.85,14,42.58,994000,84000,14-SEP-2017,
FUTSTK,RCOM,30-Nov-2017,0,XX,21.6,21.65,20.1,20.75,20.75,28,82.5,1372000,378000,15-SEP-2017,
FUTSTK,RCOM,30-Nov-2017,0,XX,20.7,20.7,20.45,20.45,20.5,4,11.5,1358000,-14000,18-SEP-2017,
FUTSTK,RCOM,30-Nov-2017,0,XX,19.9,20.7,19.9,20.7,20.35,14,39.97,1302000,-56000,19-SEP-2017,
FUTSTK,RCOM,30-Nov-2017,0,XX,20.15,20.35,19.9,20.05,20.05,7,19.67,1400000,98000,20-SEP-2017,
FUTSTK,RCOM,30-Nov-2017,0,XX,20.25,21.7,19.95,21.55,21.2,17,48.69,1540000,140000,21-SEP-2017,
FUTSTK,RCOM,30-Nov-2017,0,XX,21.5,21.5,20.45,20.4,20.4,4,11.57,1554000,14000,22-SEP-2017,
FUTSTK,RCOM,30-Nov-2017,0,XX,0,0,0,20.4,20.15,0,0,1554000,0,25-SEP-2017,
FUTSTK,RCOM,30-Nov-2017,0,XX,0,0,0,20.4,20,0,0,1554000,0,26-SEP-2017,
FUTSTK,RCOM,30-Nov-2017,0,XX,19.5,19.5,19.5,19.5,19.3,1,2.73,1568000,14000,27-SEP-2017,
FUTSTK,RCOM,30-Nov-2017,0,XX,19.6,19.75,19.5,20.7,20.7,46,126.29,1960000,392000,28-SEP-2017,
FUTSTK,RCOM,28-Dec-2017,0,XX,20.8,20.8,19.5,19.55,19.55,17,47.86,224000,224000,29-SEP-2017,
FUTSTK,RCOM,28-Dec-2017,0,XX,18.15,18.4,17.1,17.2,17.35,24,60.03,434000,210000,03-OCT-2017,
FUTSTK,RCOM,28-Dec-2017,0,XX,17.35,17.35,17.35,17.35,17.45,1,2.42,448000,14000,04-OCT-2017,
FUTSTK,RCOM,28-Dec-2017,0,XX,17.2,17.5,17.2,17.5,17.5,2,4.85,462000,14000,05-OCT-2017,
FUTSTK,RCOM,28-Dec-2017,0,XX,17.4,17.4,17.4,17.4,17.45,1,2.43,462000,0,06-OCT-2017,
FUTSTK,RCOM,28-Dec-2017,0,XX,17.65,17.65,17,17.05,17.05,6,14.6,546000,84000,09-OCT-2017,
FUTSTK,RCOM,28-Dec-2017,0,XX,0,0,0,17.05,16.95,0,0,546000,0,10-OCT-2017,
FUTSTK,RCOM,28-Dec-2017,0,XX,0,0,0,17.05,16.55,0,0,546000,0,11-OCT-2017,
FUTSTK,RCOM,28-Dec-2017,0,XX,0,0,0,17.05,16.5,0,0,546000,0,12-OCT-2017,
FUTSTK,RCOM,28-Dec-2017,0,XX,0,0,0,17.05,17.3,0,0,546000,0,13-OCT-2017,
FUTSTK,RCOM,28-Dec-2017,0,XX,0,0,0,17.05,17.3,0,0,546000,0,16-OCT-2017,
FUTSTK,RCOM,28-Dec-2017,0,XX,0,0,0,17.1,17.1,1,2.39,532000,-14000,17-OCT-2017,
FUTSTK,RCOM,28-Dec-2017,0,XX,0,0,0,17.1,17.05,0,0,532000,0,18-OCT-2017,
FUTSTK,RCOM,28-Dec-2017,0,XX,17.1,18.05,16.95,17.95,17.95,29,71.89,868000,294000,23-OCT-2017,
FUTSTK,RCOM,28-Dec-2017,0,XX,18.25,18.35,17.1,17.15,17.15,33,81.89,1246000,378000,24-OCT-2017,
FUTSTK,RCOM,28-Dec-2017,0,XX,16.6,17.3,16.6,16.75,16.75,16,37.7,1274000,28000,25-OCT-2017,
FUTSTK,RCOM,28-Dec-2017,0,XX,16.4,16.45,15.95,16.05,16.05,14,31.72,1330000,56000,26-OCT-2017,
FUTSTK,RCOM,25-Jan-2018,0,XX,0,0,0,16.05,16.15,0,0,0,0,27-OCT-2017,
FUTSTK,RCOM,25-Jan-2018,0,XX,0,0,0,16.05,16,0,0,0,0,30-OCT-2017,
FUTSTK,RCOM,25-Jan-2018,0,XX,17.9,18,17,17,17.4,3,14.81,84000,84000,31-OCT-2017,
FUTSTK,RCOM,25-Jan-2018,0,XX,0,0,0,17,17.25,0,0,84000,0,01-NOV-2017,
FUTSTK,RCOM,25-Jan-2018,0,XX,17.5,17.7,17.4,17.7,17.6,4,19.68,168000,84000,02-NOV-2017,
FUTSTK,RCOM,25-Jan-2018,0,XX,17.6,17.6,17.15,17.35,17.15,15,72.7,532000,364000,03-NOV-2017,
FUTSTK,RCOM,25-Jan-2018,0,XX,0,0,0,17.35,16.1,0,0,532000,0,06-NOV-2017,
FUTSTK,RCOM,25-Jan-2018,0,XX,0,0,0,17.35,15.8,0,0,532000,0,07-NOV-2017,
FUTSTK,RCOM,25-Jan-2018,0,XX,0,0,0,17.35,15.85,0,0,532000,0,08-NOV-2017,
FUTSTK,RCOM,25-Jan-2018,0,XX,0,0,0,17.35,15.2,0,0,532000,0,09-NOV-2017,
FUTSTK,RCOM,25-Jan-2018,0,XX,0,0,0,17.35,14.25,0,0,532000,0,10-NOV-2017,
FUTSTK,RCOM,25-Jan-2018,0,XX,0,0,0,17.35,12.35,0,0,532000,0,13-NOV-2017,
FUTSTK,RCOM,25-Jan-2018,0,XX,12.2,12.3,11.85,11.85,11.75,7,23.64,700000,168000,14-NOV-2017,
FUTSTK,RCOM,25-Jan-2018,0,XX,11.35,11.35,9.75,9.95,10.25,13,37.78,868000,168000,15-NOV-2017,
FUTSTK,RCOM,25-Jan-2018,0,XX,9.9,11.3,9.9,11.3,11.85,6,17.4,756000,-112000,16-NOV-2017,
FUTSTK,RCOM,25-Jan-2018,0,XX,0,0,0,11.3,12.25,0,0,756000,0,17-NOV-2017,
FUTSTK,RCOM,25-Jan-2018,0,XX,12.05,12.05,12.05,12.05,12.05,1,3.37,728000,-28000,20-NOV-2017,
FUTSTK,RCOM,25-Jan-2018,0,XX,13.2,13.2,13.2,13.2,13.65,1,3.69,700000,-28000,21-NOV-2017,
FUTSTK,RCOM,25-Jan-2018,0,XX,14.35,14.35,14.35,14.35,14.15,1,4.01,700000,0,22-NOV-2017,
FUTSTK,RCOM,25-Jan-2018,0,XX,0,0,0,14.35,13.75,0,0,700000,0,23-NOV-2017,
FUTSTK,RCOM,25-Jan-2018,0,XX,0,0,0,14.35,13.7,0,0,700000,0,24-NOV-2017,
FUTSTK,RCOM,25-Jan-2018,0,XX,0,0,0,14.35,13.5,0,0,700000,0,27-NOV-2017,
FUTSTK,RCOM,25-Jan-2018,0,XX,0,0,0,14.35,13,0,0,700000,0,28-NOV-2017,
FUTSTK,RCOM,25-Jan-2018,0,XX,13,13,12.55,12.6,12.6,9,32.14,868000,168000,29-NOV-2017,
FUTSTK,RCOM,25-Jan-2018,0,XX,0,0,0,12.6,12.75,0,0,868000,0,30-NOV-2017,
FUTSTK,RCOM,22-Feb-2018,0,XX,0,0,0,12.8,12.55,0,0,0,0,01-DEC-2017,
FUTSTK,RCOM,22-Feb-2018,0,XX,0,0,0,12.8,11.7,0,0,0,0,04-DEC-2017,
FUTSTK,RCOM,22-Feb-2018,0,XX,0,0,0,12.8,11.55,0,0,0,0,05-DEC-2017,
FUTSTK,RCOM,22-Feb-2018,0,XX,11.45,11.45,11.25,11.25,10.9,2,6.35,56000,56000,06-DEC-2017,
FUTSTK,RCOM,22-Feb-2018,0,XX,0,0,0,11.25,11.3,0,0,56000,0,07-DEC-2017,
FUTSTK,RCOM,22-Feb-2018,0,XX,11.6,12,11.6,11.9,11.85,4,13.28,168000,112000,08-DEC-2017,
FUTSTK,RCOM,22-Feb-2018,0,XX,11.85,11.85,11.85,11.85,11.75,1,3.31,196000,28000,11-DEC-2017,
FUTSTK,RCOM,22-Feb-2018,0,XX,0,0,0,11.85,11.8,0,0,196000,0,12-DEC-2017,
FUTSTK,RCOM,22-Feb-2018,0,XX,11.6,11.6,11.6,11.6,11.45,1,3.24,224000,28000,13-DEC-2017,
FUTSTK,RCOM,22-Feb-2018,0,XX,11.6,12.15,11.3,12.15,12.15,3,9.81,308000,84000,14-DEC-2017,
FUTSTK,RCOM,22-Feb-2018,0,XX,0,0,0,12.15,12,0,0,308000,0,15-DEC-2017,
FUTSTK,RCOM,22-Feb-2018,0,XX,0,0,0,12.15,11.95,0,0,308000,0,18-DEC-2017,
FUTSTK,RCOM,22-Feb-2018,0,XX,12.65,13.05,12.5,13.05,13.05,3,10.69,336000,28000,19-DEC-2017,
FUTSTK,RCOM,22-Feb-2018,0,XX,13.8,17.6,13.3,17.45,17.45,31,129.97,728000,392000,20-DEC-2017,
FUTSTK,RCOM,22-Feb-2018,0,XX,18.4,19.5,17.45,18.25,18.25,33,170.94,840000,112000,21-DEC-2017,
FUTSTK,RCOM,22-Feb-2018,0,XX,18.7,18.7,16.1,16.1,16.1,6,29.66,840000,0,22-DEC-2017,
FUTSTK,RCOM,22-Feb-2018,0,XX,18.55,22.55,18.55,22.55,22.55,8,43.23,784000,-56000,26-DEC-2017,
FUTSTK,RCOM,22-Feb-2018,0,XX,25.05,30.1,25.05,28.75,28.75,53,416.13,980000,196000,27-DEC-2017,
FUTSTK,RCOM,22-Feb-2018,0,XX,31.5,33.7,30.75,30.9,30.9,108,998.88,868000,-112000,28-DEC-2017,
FUTSTK,RCOM,28-Mar-2018,0,XX,0,0,0,31.4,36.75,0,0,0,0,29-DEC-2017,
FUTSTK,RCOM,28-Mar-2018,0,XX,35,36.85,35,36.85,35.9,6,59.82,168000,168000,01-JAN-2018,
FUTSTK,RCOM,28-Mar-2018,0,XX,34.2,34.2,34.2,34.2,32.9,1,9.57,140000,-28000,02-JAN-2018,
FUTSTK,RCOM,28-Mar-2018,0,XX,0,0,0,34.2,31.05,0,0,140000,0,03-JAN-2018,
FUTSTK,RCOM,28-Mar-2018,0,XX,0,0,0,34.2,33.8,0,0,140000,0,04-JAN-2018,
FUTSTK,RCOM,28-Mar-2018,0,XX,36,36,35,35,34.5,4,39.94,252000,112000,05-JAN-2018,
FUTSTK,RCOM,28-Mar-2018,0,XX,0,0,0,35,34.4,0,0,252000,0,08-JAN-2018,
FUTSTK,RCOM,28-Mar-2018,0,XX,0,0,0,35,33.2,0,0,252000,0,09-JAN-2018,
FUTSTK,RCOM,28-Mar-2018,0,XX,0,0,0,35,33.7,0,0,252000,0,10-JAN-2018,
FUTSTK,RCOM,28-Mar-2018,0,XX,0,0,0,35,33.3,0,0,252000,0,11-JAN-2018,
FUTSTK,RCOM,28-Mar-2018,0,XX,0,0,0,35,31.75,0,0,252000,0,12-JAN-2018,
FUTSTK,RCOM,28-Mar-2018,0,XX,32.65,32.65,32.25,32.4,32.4,8,72.67,364000,112000,15-JAN-2018,
FUTSTK,RCOM,28-Mar-2018,0,XX,32.35,32.35,32.35,32.35,31.65,1,9.05,392000,28000,16-JAN-2018,
FUTSTK,RCOM,28-Mar-2018,0,XX,0,0,0,32.35,32.8,0,0,392000,0,17-JAN-2018,
FUTSTK,RCOM,28-Mar-2018,0,XX,32.3,32.3,29.35,29.6,29.6,16,139.76,840000,448000,18-JAN-2018,
FUTSTK,RCOM,28-Mar-2018,0,XX,28.75,30.35,28.75,30.35,30.35,9,73.65,924000,84000,19-JAN-2018,
FUTSTK,RCOM,28-Mar-2018,0,XX,29.3,29.5,29,29.15,29.05,10,82.09,1176000,252000,22-JAN-2018,
FUTSTK,RCOM,28-Mar-2018,0,XX,29.15,30.85,28.9,29.7,29.65,16,133.47,1372000,196000,23-JAN-2018,
FUTSTK,RCOM,28-Mar-2018,0,XX,0,0,0,29.7,29.1,0,0,1372000,0,24-JAN-2018,
FUTSTK,RCOM,28-Mar-2018,0,XX,29.1,29.1,28.4,28.65,28.65,12,96.67,1484000,112000,25-JAN-2018,
FUTSTK,RCOM,26-Apr-2018,0,XX,0,0,0,28.85,27.7,0,0,0,0,29-JAN-2018,
FUTSTK,RCOM,26-Apr-2018,0,XX,30.45,30.45,30.45,30.45,30.6,1,8.52,28000,28000,30-JAN-2018,
FUTSTK,RCOM,26-Apr-2018,0,XX,31,31,29.35,29.35,29.95,7,59.2,168000,140000,31-JAN-2018,
FUTSTK,RCOM,26-Apr-2018,0,XX,29.75,29.75,29.7,29.7,29.1,2,16.64,224000,56000,01-FEB-2018,
FUTSTK,RCOM,26-Apr-2018,0,XX,28.65,28.65,27,27,26.55,4,31.48,308000,84000,02-FEB-2018,
FUTSTK,RCOM,26-Apr-2018,0,XX,0,0,0,27,26.7,0,0,308000,0,05-FEB-2018,
FUTSTK,RCOM,26-Apr-2018,0,XX,0,0,0,27,24.95,0,0,308000,0,06-FEB-2018,
FUTSTK,RCOM,26-Apr-2018,0,XX,0,0,0,27,25.55,0,0,308000,0,07-FEB-2018,
FUTSTK,RCOM,26-Apr-2018,0,XX,27.4,27.4,27.4,27.4,27,1,7.67,308000,0,08-FEB-2018,
FUTSTK,RCOM,26-Apr-2018,0,XX,27.05,27.05,27,27,27.45,2,15.13,364000,56000,09-FEB-2018,
FUTSTK,RCOM,26-Apr-2018,0,XX,27.35,27.35,27.35,27.35,27.5,2,15.31,420000,56000,12-FEB-2018,
FUTSTK,RCOM,26-Apr-2018,0,XX,29,30.25,28.9,30.25,30.05,4,33.08,504000,84000,14-FEB-2018,
FUTSTK,RCOM,26-Apr-2018,0,XX,29.1,29.1,29.1,29.1,28.35,1,8.14,532000,28000,15-FEB-2018,
FUTSTK,RCOM,26-Apr-2018,0,XX,28.25,28.3,28.05,28.3,28.75,4,31.54,560000,28000,16-FEB-2018,
FUTSTK,RCOM,26-Apr-2018,0,XX,28.85,28.85,28.1,28.65,28.85,9,71.77,700000,140000,19-FEB-2018,
FUTSTK,RCOM,26-Apr-2018,0,XX,28.8,28.8,28.05,28.5,28.25,3,23.89,756000,56000,20-FEB-2018,
FUTSTK,RCOM,26-Apr-2018,0,XX,28.05,28.45,27.8,28.35,28.35,9,71.17,924000,168000,21-FEB-2018,
FUTSTK,RCOM,26-Apr-2018,0,XX,28.15,28.55,27.5,27.5,27.5,39,304.5,1400000,476000,22-FEB-2018,
FUTSTK,RCOM,31-May-2018,0,XX,0,0,0,27.9,28.15,0,0,0,0,23-FEB-2018,
FUTSTK,RCOM,31-May-2018,0,XX,30.75,30.75,30.25,30.25,30.35,2,17.08,56000,56000,26-FEB-2018,
FUTSTK,RCOM,31-May-2018,0,XX,29,29,29,29,28.55,1,8.12,84000,28000,27-FEB-2018,
FUTSTK,RCOM,31-May-2018,0,XX,28.2,28.2,27.9,27.9,28.9,2,15.7,140000,56000,28-FEB-2018,
FUTSTK,RCOM,31-May-2018,0,XX,28,28.15,28,28.15,28.45,2,15.72,168000,28000,01-MAR-2018,
FUTSTK,RCOM,31-May-2018,0,XX,28.4,28.4,28.35,28.35,28.25,2,15.89,224000,56000,05-MAR-2018,
FUTSTK,RCOM,31-May-2018,0,XX,28.45,28.45,28.45,28.45,26.8,3,23.89,196000,-28000,06-MAR-2018,
FUTSTK,RCOM,31-May-2018,0,XX,0,0,0,28.45,25.65,0,0,196000,0,07-MAR-2018,
FUTSTK,RCOM,31-May-2018,0,XX,0,0,0,28.45,25.55,0,0,196000,0,08-MAR-2018,
FUTSTK,RCOM,31-May-2018,0,XX,0,0,0,28.45,23.1,40,268.24,1316000,1120000,09-MAR-2018,
FUTSTK,RCOM,31-May-2018,0,XX,22.7,22.7,22.1,22.1,23.4,3,18.73,1372000,56000,12-MAR-2018,
FUTSTK,RCOM,31-May-2018,0,XX,0,0,0,22.1,23.75,0,0,1372000,0,13-MAR-2018,
FUTSTK,RCOM,31-May-2018,0,XX,23.6,24.25,23.4,24.25,24.2,8,53.07,1568000,196000,14-MAR-2018,
FUTSTK,RCOM,31-May-2018,0,XX,24,24,23.7,23.9,23.9,3,20.04,1596000,28000,15-MAR-2018,
FUTSTK,RCOM,31-May-2018,0,XX,24.5,24.5,23.05,23.7,23.7,7,46.48,1708000,112000,16-MAR-2018,
FUTSTK,RCOM,31-May-2018,0,XX,23.65,23.75,22.55,22.7,22.7,29,185.92,1820000,112000,19-MAR-2018,
FUTSTK,RCOM,31-May-2018,0,XX,0,0,0,22.7,23.45,0,0,1820000,0,20-MAR-2018,
FUTSTK,RCOM,31-May-2018,0,XX,25.75,25.8,25.75,25.8,25.7,2,14.43,1764000,-56000,21-MAR-2018,
FUTSTK,RCOM,31-May-2018,0,XX,0,0,0,25.8,24.15,0,0,1764000,0,22-MAR-2018,
FUTSTK,RCOM,31-May-2018,0,XX,0,0,0,25.8,23.05,0,0,1764000,0,23-MAR-2018,
FUTSTK,RCOM,31-May-2018,0,XX,0,0,0,25.8,23.75,0,0,1764000,0,26-MAR-2018,
FUTSTK,RCOM,31-May-2018,0,XX,23.9,24.25,23.9,24.05,24.05,18,121.33,1820000,56000,27-MAR-2018,
FUTSTK,RCOM,31-May-2018,0,XX,23,23.2,21.8,22,22,71,443.99,1120000,-700000,28-MAR-2018,
FUTSTK,RCOM,28-Jun-2018,0,XX,22.6,22.6,22.6,22.6,22.9,2,12.65,56000,56000,02-APR-2018,
FUTSTK,RCOM,28-Jun-2018,0,XX,0,0,0,22.6,23,0,0,56000,0,03-APR-2018,
FUTSTK,RCOM,28-Jun-2018,0,XX,23,23,22.95,22.95,22.65,2,12.86,112000,56000,04-APR-2018,
FUTSTK,RCOM,28-Jun-2018,0,XX,23.1,23.8,22.65,23.4,23.7,4,26.02,140000,28000,05-APR-2018,
FUTSTK,RCOM,28-Jun-2018,0,XX,24.7,25.25,24.3,24.55,24.55,5,34.49,196000,56000,06-APR-2018,
FUTSTK,RCOM,28-Jun-2018,0,XX,0,0,0,24.55,24.15,0,0,196000,0,09-APR-2018,
FUTSTK,RCOM,28-Jun-2018,0,XX,0,0,0,24.55,23.6,0,0,196000,0,10-APR-2018,
FUTSTK,RCOM,28-Jun-2018,0,XX,23.3,23.3,23.3,23.3,23.2,1,6.52,224000,28000,11-APR-2018,
FUTSTK,RCOM,28-Jun-2018,0,XX,22.9,22.9,22.55,22.55,22.6,2,12.72,280000,56000,12-APR-2018,
FUTSTK,RCOM,28-Jun-2018,0,XX,22.95,22.95,22.5,22.5,22.65,5,31.75,420000,140000,13-APR-2018,
FUTSTK,RCOM,28-Jun-2018,0,XX,22.4,22.4,21.35,21.35,21.35,5,30.87,560000,140000,16-APR-2018,
FUTSTK,RCOM,28-Jun-2018,0,XX,21.5,21.5,21.5,21.5,21.4,1,6.02,532000,-28000,17-APR-2018,
FUTSTK,RCOM,28-Jun-2018,0,XX,0,0,0,21.5,21.3,0,0,532000,0,18-APR-2018,
FUTSTK,RCOM,28-Jun-2018,0,XX,20.6,21.6,20.6,21.55,21.55,6,35.64,644000,112000,19-APR-2018,
FUTSTK,RCOM,28-Jun-2018,0,XX,0,0,0,21.55,20.7,0,0,644000,0,20-APR-2018,
FUTSTK,RCOM,28-Jun-2018,0,XX,0,0,0,21.55,20.2,0,0,644000,0,23-APR-2018,
FUTSTK,RCOM,28-Jun-2018,0,XX,20.05,20.2,17.25,18.2,18.2,41,214.08,1260000,616000,24-APR-2018,
FUTSTK,RCOM,28-Jun-2018,0,XX,18.1,18.6,17.6,17.85,17.9,29,146.81,1540000,280000,25-APR-2018,
FUTSTK,RCOM,28-Jun-2018,0,XX,17.05,17.15,16.85,17.05,17,20,95.43,1708000,168000,26-APR-2018,
FUTSTK,RCOM,26-Jul-2018,0,XX,17,17,16.5,16.5,16.25,2,9.38,56000,56000,27-APR-2018,
FUTSTK,RCOM,26-Jul-2018,0,XX,0,0,0,16.5,15.6,0,0,56000,0,30-APR-2018,
FUTSTK,RCOM,26-Jul-2018,0,XX,17.8,18,17.65,18,16.35,9,44.75,308000,252000,02-MAY-2018,
FUTSTK,RCOM,26-Jul-2018,0,XX,15.55,15.55,15.55,15.55,15.3,1,4.35,308000,0,03-MAY-2018,
FUTSTK,RCOM,26-Jul-2018,0,XX,0,0,0,15.55,15.6,0,0,308000,0,04-MAY-2018,
FUTSTK,RCOM,26-Jul-2018,0,XX,15.45,15.75,15.45,15.75,15.8,3,13.09,392000,84000,07-MAY-2018,
FUTSTK,RCOM,26-Jul-2018,0,XX,15.4,15.4,15.25,15.25,15.4,3,12.89,476000,84000,08-MAY-2018,
FUTSTK,RCOM,26-Jul-2018,0,XX,15.1,15.1,15.1,15.1,15.3,1,4.22,504000,28000,09-MAY-2018,
FUTSTK,RCOM,26-Jul-2018,0,XX,14.85,14.85,13.9,14.2,14.2,8,32.35,616000,112000,10-MAY-2018,
FUTSTK,RCOM,26-Jul-2018,0,XX,13.95,13.95,13.95,13.95,13.95,1,3.9,644000,28000,11-MAY-2018,
FUTSTK,RCOM,26-Jul-2018,0,XX,13.45,13.45,13.45,13.45,13.7,1,3.76,672000,28000,14-MAY-2018,
FUTSTK,RCOM,26-Jul-2018,0,XX,12,12,12,12,12.6,1,3.36,644000,-28000,15-MAY-2018,
FUTSTK,RCOM,26-Jul-2018,0,XX,11.55,11.55,10.1,10.45,10.65,10,30.11,700000,56000,16-MAY-2018,
FUTSTK,RCOM,26-Jul-2018,0,XX,11.7,16.5,11.7,16.5,16.5,4,16.46,672000,-28000,17-MAY-2018,
FUTSTK,RCOM,26-Jul-2018,0,XX,18.15,19.25,14.9,15.25,15.55,23,102.45,728000,56000,18-MAY-2018,
FUTSTK,RCOM,26-Jul-2018,0,XX,14.5,14.5,14,14.4,13.55,8,32.07,784000,56000,21-MAY-2018,
FUTSTK,RCOM,26-Jul-2018,0,XX,13.7,14.2,13.7,14.55,14.55,3,11.88,840000,56000,22-MAY-2018,
FUTSTK,RCOM,26-Jul-2018,0,XX,0,0,0,14.55,14.4,0,0,840000,0,23-MAY-2018,
FUTSTK,RCOM,26-Jul-2018,0,XX,0,0,0,14.55,14.35,0,0,840000,0,24-MAY-2018,
FUTSTK,RCOM,26-Jul-2018,0,XX,0,0,0,14.55,14.5,0,0,840000,0,25-MAY-2018,
FUTSTK,RCOM,26-Jul-2018,0,XX,15.9,15.9,15.9,15.9,15.5,1,4.45,840000,0,28-MAY-2018,
FUTSTK,RCOM,26-Jul-2018,0,XX,16.9,16.95,16.9,16.2,16.2,3,14.01,812000,-28000,29-MAY-2018,
FUTSTK,RCOM,26-Jul-2018,0,XX,17.15,18.1,17.15,18.05,17.75,5,24.93,840000,28000,30-MAY-2018,
FUTSTK,RCOM,26-Jul-2018,0,XX,19.45,19.45,18,19.2,19.2,9,47.32,868000,28000,31-MAY-2018,
FUTSTK,RCOM,30-Aug-2018,0,XX,0,0,0,19.05,16.8,0,0,0,0,01-JUN-2018,
FUTSTK,RCOM,30-Aug-2018,0,XX,0,0,0,19.05,16.05,0,0,0,0,04-JUN-2018,
FUTSTK,RCOM,30-Aug-2018,0,XX,0,0,0,19.05,14.75,0,0,0,0,05-JUN-2018,
FUTSTK,RCOM,30-Aug-2018,0,XX,0,0,0,19.05,16.3,0,0,0,0,06-JUN-2018,
FUTSTK,RCOM,30-Aug-2018,0,XX,0,0,0,19.05,16.05,0,0,0,0,07-JUN-2018,
FUTSTK,RCOM,30-Aug-2018,0,XX,0,0,0,19.05,16.15,0,0,0,0,08-JUN-2018,
FUTSTK,RCOM,30-Aug-2018,0,XX,0,0,0,19.05,15.95,0,0,0,0,11-JUN-2018,
FUTSTK,RCOM,30-Aug-2018,0,XX,15.5,15.5,15.5,15.5,16.4,1,4.34,28000,28000,12-JUN-2018,
FUTSTK,RCOM,30-Aug-2018,0,XX,16.6,17,16.5,16.6,16.3,5,23.4,168000,140000,13-JUN-2018,
FUTSTK,RCOM,30-Aug-2018,0,XX,0,0,0,16.6,16.15,0,0,168000,0,14-JUN-2018,
FUTSTK,RCOM,30-Aug-2018,0,XX,16,16,16,16,15.7,1,4.48,196000,28000,15-JUN-2018,
FUTSTK,RCOM,30-Aug-2018,0,XX,15.25,15.25,15.25,15.25,15.4,1,4.27,224000,28000,18-JUN-2018,
FUTSTK,RCOM,30-Aug-2018,0,XX,14.9,14.9,14.9,14.9,14.85,1,4.17,252000,28000,19-JUN-2018,
FUTSTK,RCOM,30-Aug-2018,0,XX,0,0,0,14.9,15.55,0,0,252000,0,20-JUN-2018,
FUTSTK,RCOM,30-Aug-2018,0,XX,15.5,15.5,15.5,15.5,15.15,1,4.34,280000,28000,21-JUN-2018,
FUTSTK,RCOM,30-Aug-2018,0,XX,0,0,0,15.5,14.95,0,0,280000,0,22-JUN-2018,
FUTSTK,RCOM,30-Aug-2018,0,XX,15.2,15.2,14.95,14.95,14.95,9,37.87,532000,252000,25-JUN-2018,
FUTSTK,RCOM,30-Aug-2018,0,XX,14.8,14.8,14.5,14.65,14.6,14,57.49,812000,280000,26-JUN-2018,
FUTSTK,RCOM,30-Aug-2018,0,XX,14.4,14.4,13.4,13.4,13.4,10,38.72,980000,168000,27-JUN-2018,
FUTSTK,RCOM,30-Aug-2018,0,XX,13.75,13.75,13.45,13.6,13.6,10,38.24,1204000,224000,28-JUN-2018,
FUTSTK,RCOM,27-Sep-2018,0,XX,0,0,0,13.55,14,0,0,0,0,29-JUN-2018,
FUTSTK,RCOM,27-Sep-2018,0,XX,0,0,0,13.55,13.5,0,0,0,0,02-JUL-2018,
FUTSTK,RCOM,27-Sep-2018,0,XX,0,0,0,13.55,13.6,0,0,0,0,03-JUL-2018,
FUTSTK,RCOM,27-Sep-2018,0,XX,0,0,0,13.55,13.9,0,0,0,0,04-JUL-2018,
FUTSTK,RCOM,27-Sep-2018,0,XX,0,0,0,13.55,13.75,0,0,0,0,05-JUL-2018,
FUTSTK,RCOM,27-Sep-2018,0,XX,0,0,0,13.55,13.8,0,0,0,0,06-JUL-2018,
FUTSTK,RCOM,27-Sep-2018,0,XX,0,0,0,13.55,13.95,0,0,0,0,09-JUL-2018,
FUTSTK,RCOM,27-Sep-2018,0,XX,0,0,0,13.55,14.2,0,0,0,0,10-JUL-2018,
FUTSTK,RCOM,27-Sep-2018,0,XX,0,0,0,13.55,13.9,0,0,0,0,11-JUL-2018,
FUTSTK,RCOM,27-Sep-2018,0,XX,14.25,14.25,14.25,14.25,13.75,1,3.99,28000,28000,12-JUL-2018,
FUTSTK,RCOM,27-Sep-2018,0,XX,13.7,13.7,13.55,13.55,13.2,2,7.63,84000,56000,13-JUL-2018,
FUTSTK,RCOM,27-Sep-2018,0,XX,12.4,12.4,12,12,12.25,2,6.83,140000,56000,16-JUL-2018,
FUTSTK,RCOM,27-Sep-2018,0,XX,0,0,0,12,13.25,0,0,140000,0,17-JUL-2018,
FUTSTK,RCOM,27-Sep-2018,0,XX,13.05,13.05,12.7,12.7,13.3,2,7.21,196000,56000,18-JUL-2018,
FUTSTK,RCOM,27-Sep-2018,0,XX,13.65,13.65,13.65,13.65,13,1,3.82,224000,28000,19-JUL-2018,
FUTSTK,RCOM,27-Sep-2018,0,XX,0,0,0,13.65,13.15,0,0,224000,0,20-JUL-2018,
FUTSTK,RCOM,27-Sep-2018,0,XX,0,0,0,13.65,13.4,0,0,224000,0,23-JUL-2018,
FUTSTK,RCOM,27-Sep-2018,0,XX,13.75,13.75,13.75,13.75,13.8,1,3.85,196000,-28000,24-JUL-2018,
FUTSTK,RCOM,27-Sep-2018,0,XX,13.75,14.9,13.75,14,14.05,8,32.38,392000,196000,25-JUL-2018,
FUTSTK,RCOM,27-Sep-2018,0,XX,13.85,13.95,13.85,13.95,13.95,2,7.78,392000,0,26-JUL-2018,
FUTSTK,RCOM,25-Oct-2018,0,XX,0,0,0,14.05,14.25,0,0,0,0,27-JUL-2018,
FUTSTK,RCOM,25-Oct-2018,0,XX,0,0,0,14.05,14.1,0,0,0,0,30-JUL-2018,
FUTSTK,RCOM,25-Oct-2018,0,XX,0,0,0,14.05,14.65,0,0,0,0,31-JUL-2018,
FUTSTK,RCOM,25-Oct-2018,0,XX,0,0,0,14.05,14.95,0,0,0,0,01-AUG-2018,
FUTSTK,RCOM,25-Oct-2018,0,XX,0,0,0,14.05,15.05,0,0,0,0,02-AUG-2018,
FUTSTK,RCOM,25-Oct-2018,0,XX,0,0,0,14.05,15.95,0,0,0,0,03-AUG-2018,
FUTSTK,RCOM,25-Oct-2018,0,XX,16.55,16.55,16.55,16.55,16.7,1,4.63,28000,28000,06-AUG-2018,
FUTSTK,RCOM,25-Oct-2018,0,XX,16.65,16.95,16.65,16.95,16.95,2,9.4,28000,0,07-AUG-2018,
FUTSTK,RCOM,25-Oct-2018,0,XX,0,0,0,16.95,18.7,0,0,28000,0,08-AUG-2018,
FUTSTK,RCOM,25-Oct-2018,0,XX,20,20.15,20,20,20.4,4,22.44,140000,112000,09-AUG-2018,
FUTSTK,RCOM,25-Oct-2018,0,XX,20.05,20.05,20.05,20.05,19.75,2,11.22,140000,0,10-AUG-2018,
FUTSTK,RCOM,25-Oct-2018,0,XX,0,0,0,20.05,20.9,0,0,140000,0,13-AUG-2018,
FUTSTK,RCOM,25-Oct-2018,0,XX,21.2,21.2,21.2,21.2,20.95,1,5.93,140000,0,14-AUG-2018,
FUTSTK,RCOM,25-Oct-2018,0,XX,21.15,21.7,20.65,20.65,18.85,5,29.37,168000,28000,16-AUG-2018,
FUTSTK,RCOM,25-Oct-2018,0,XX,0,0,0,20.65,19.5,0,0,168000,0,17-AUG-2018,
FUTSTK,RCOM,25-Oct-2018,0,XX,0,0,0,20.65,19.35,0,0,168000,0,20-AUG-2018,
FUTSTK,RCOM,25-Oct-2018,0,XX,0,0,0,20.65,19.05,0,0,168000,0,21-AUG-2018,
FUTSTK,RCOM,25-Oct-2018,0,XX,0,0,0,20.65,19.1,0,0,168000,0,23-AUG-2018,
FUTSTK,RCOM,25-Oct-2018,0,XX,19,19.65,18.55,18.55,19.35,5,26.74,196000,28000,24-AUG-2018,
FUTSTK,RCOM,25-Oct-2018,0,XX,0,0,0,18.55,18.95,0,0,196000,0,27-AUG-2018,
FUTSTK,RCOM,25-Oct-2018,0,XX,18.7,19,18.6,18.6,18.6,6,31.5,252000,56000,28-AUG-2018,
FUTSTK,RCOM,25-Oct-2018,0,XX,17.5,19,17.5,18.75,18.75,14,71.34,504000,252000,29-AUG-2018,
FUTSTK,RCOM,25-Oct-2018,0,XX,18.6,19.05,18.3,18.85,18.85,21,110.16,616000,112000,30-AUG-2018,
FUTSTK,RCOM,29-Nov-2018,0,XX,0,0,0,18.95,18.6,0,0,0,0,31-AUG-2018,
FUTSTK,RCOM,29-Nov-2018,0,XX,0,0,0,18.95,18.55,0,0,0,0,03-SEP-2018,
FUTSTK,RCOM,29-Nov-2018,0,XX,18.55,18.55,17.65,17.85,17.85,4,20.23,112000,112000,04-SEP-2018,
FUTSTK,RCOM,29-Nov-2018,0,XX,17.5,17.5,17.5,17.5,17.75,1,4.9,112000,0,05-SEP-2018,
FUTSTK,RCOM,29-Nov-2018,0,XX,0,0,0,17.5,17.55,0,0,112000,0,06-SEP-2018,
FUTSTK,RCOM,29-Nov-2018,0,XX,0,0,0,17.5,17.6,0,0,112000,0,07-SEP-2018,
FUTSTK,RCOM,29-Nov-2018,0,XX,0,0,0,17.5,17.25,0,0,112000,0,10-SEP-2018,
FUTSTK,RCOM,29-Nov-2018,0,XX,17.1,17.1,16.6,16.6,16.45,2,9.43,168000,56000,11-SEP-2018,
FUTSTK,RCOM,29-Nov-2018,0,XX,15.9,15.9,15.8,15.8,16.35,2,8.87,224000,56000,12-SEP-2018,
FUTSTK,RCOM,29-Nov-2018,0,XX,0,0,0,15.8,16.65,0,0,224000,0,14-SEP-2018,
FUTSTK,RCOM,29-Nov-2018,0,XX,0,0,0,15.8,17.45,0,0,224000,0,17-SEP-2018,
FUTSTK,RCOM,29-Nov-2018,0,XX,16.4,16.4,15.9,15.9,16.45,4,18.27,308000,84000,18-SEP-2018,
FUTSTK,RCOM,29-Nov-2018,0,XX,15.85,15.95,15.1,15.15,15.15,6,26.25,392000,84000,19-SEP-2018,
FUTSTK,RCOM,29-Nov-2018,0,XX,14.45,14.65,13.2,13.45,13.45,9,35.39,504000,112000,21-SEP-2018,
FUTSTK,RCOM,29-Nov-2018,0,XX,12.95,12.95,12.2,12.5,12.5,5,17.43,588000,84000,24-SEP-2018,
FUTSTK,RCOM,29-Nov-2018,0,XX,11.8,11.8,11.4,11.75,11.7,7,22.69,784000,196000,25-SEP-2018,
FUTSTK,RCOM,29-Nov-2018,0,XX,12,12,11.9,11.9,13.1,4,13.41,896000,112000,26-SEP-2018,
FUTSTK,RCOM,29-Nov-2018,0,XX,12.65,13.1,12.6,12.3,12.3,12,43.12,980000,84000,27-SEP-2018,
FUTSTK,RCOM,27-Dec-2018,0,XX,0,0,0,12.6,12.15,0,0,0,0,28-SEP-2018,
FUTSTK,RCOM,27-Dec-2018,0,XX,0,0,0,12.6,12.2,0,0,0,0,01-OCT-2018,
FUTSTK,RCOM,27-Dec-2018,0,XX,0,0,0,12.6,12.05,0,0,0,0,03-OCT-2018,
FUTSTK,RCOM,27-Dec-2018,0,XX,12.4,12.4,12.4,12.4,12.1,1,3.47,28000,28000,04-OCT-2018,
FUTSTK,RCOM,27-Dec-2018,0,XX,0,0,0,12.4,11.65,0,0,28000,0,05-OCT-2018,
FUTSTK,RCOM,27-Dec-2018,0,XX,0,0,0,12.4,11.25,0,0,28000,0,08-OCT-2018,
FUTSTK,RCOM,27-Dec-2018,0,XX,10.8,10.8,10.8,10.8,11.25,1,3.02,56000,28000,09-OCT-2018,
FUTSTK,RCOM,27-Dec-2018,0,XX,11.5,11.5,11.5,11.5,11.65,1,3.22,84000,28000,10-OCT-2018,
FUTSTK,RCOM,27-Dec-2018,0,XX,11.35,11.35,11.35,11.35,11.3,1,3.17,84000,0,11-OCT-2018,
FUTSTK,RCOM,27-Dec-2018,0,XX,0,0,0,11.35,11.85,0,0,84000,0,12-OCT-2018,
FUTSTK,RCOM,27-Dec-2018,0,XX,12.1,12.25,12.1,12.2,11.85,3,10.23,168000,84000,15-OCT-2018,
FUTSTK,RCOM,27-Dec-2018,0,XX,11.95,11.95,11.85,11.85,12,2,6.66,168000,0,16-OCT-2018,
FUTSTK,RCOM,27-Dec-2018,0,XX,11.9,11.9,11.55,11.55,11.55,5,16.49,308000,140000,17-OCT-2018,
FUTSTK,RCOM,27-Dec-2018,0,XX,0,0,0,11.55,11.35,0,0,308000,0,19-OCT-2018,
FUTSTK,RCOM,27-Dec-2018,0,XX,11.5,11.5,11.45,11.5,11.5,3,9.64,364000,56000,22-OCT-2018,
FUTSTK,RCOM,27-Dec-2018,0,XX,10.75,11,10.75,11,11,2,6.09,420000,56000,23-OCT-2018,
FUTSTK,RCOM,27-Dec-2018,0,XX,11.4,11.4,10.9,11.15,11.15,14,43.47,728000,308000,24-OCT-2018,
FUTSTK,RCOM,27-Dec-2018,0,XX,10.9,10.9,10.5,10.5,10.5,37,110.43,1288000,560000,25-OCT-2018,
FUTSTK,RCOM,31-Jan-2019,0,XX,0,0,0,10.6,10.2,0,0,0,0,26-OCT-2018,
FUTSTK,RCOM,31-Jan-2019,0,XX,0,0,0,10.6,11.15,0,0,0,0,29-OCT-2018,
FUTSTK,RCOM,31-Jan-2019,0,XX,0,0,0,10.6,11.9,0,0,0,0,30-OCT-2018,
FUTSTK,RCOM,31-Jan-2019,0,XX,0,0,0,10.6,12.6,0,0,0,0,31-OCT-2018,
FUTSTK,RCOM,31-Jan-2019,0,XX,14.95,14.95,14.95,14.95,14.95,1,5.08,34000,34000,01-NOV-2018,
FUTSTK,RCOM,31-Jan-2019,0,XX,14,14,14,14,14,1,4.76,0,-34000,02-NOV-2018,
FUTSTK,RCOM,31-Jan-2019,0,XX,14.05,14.05,14.05,14.05,14.4,1,4.77,34000,34000,05-NOV-2018,
FUTSTK,RCOM,31-Jan-2019,0,XX,0,0,0,14.05,14.05,0,0,34000,0,06-NOV-2018,
FUTSTK,RCOM,31-Jan-2019,0,XX,0,0,0,14.05,14.45,0,0,34000,0,09-NOV-2018,
FUTSTK,RCOM,31-Jan-2019,0,XX,14.1,14.1,14.05,14.05,14.1,3,14.36,136000,102000,12-NOV-2018,
FUTSTK,RCOM,31-Jan-2019,0,XX,0,0,0,14.05,13.8,0,0,136000,0,13-NOV-2018,
FUTSTK,RCOM,31-Jan-2019,0,XX,0,0,0,14.05,13.95,0,0,136000,0,14-NOV-2018,
FUTSTK,RCOM,31-Jan-2019,0,XX,0,0,0,14.05,13.65,0,0,136000,0,15-NOV-2018,
FUTSTK,RCOM,31-Jan-2019,0,XX,13.4,13.4,13.4,13.4,13.8,1,4.55,170000,34000,16-NOV-2018,
FUTSTK,RCOM,31-Jan-2019,0,XX,14.3,14.3,14.3,14.3,14.3,2,9.72,170000,0,19-NOV-2018,
FUTSTK,RCOM,31-Jan-2019,0,XX,0,0,0,14.3,13.75,0,0,170000,0,20-NOV-2018,
FUTSTK,RCOM,31-Jan-2019,0,XX,13.3,13.3,13.3,13.3,13.95,1,4.52,204000,34000,21-NOV-2018,
FUTSTK,RCOM,31-Jan-2019,0,XX,13.7,13.7,13.35,13.35,13.5,2,9.19,204000,0,22-NOV-2018,
FUTSTK,RCOM,31-Jan-2019,0,XX,0,0,0,13.35,13.5,0,0,204000,0,26-NOV-2018,
FUTSTK,RCOM,31-Jan-2019,0,XX,13.65,13.65,13.65,13.65,13.5,1,4.64,170000,-34000,27-NOV-2018,
FUTSTK,RCOM,31-Jan-2019,0,XX,0,0,0,13.65,13.3,0,0,170000,0,28-NOV-2018,
FUTSTK,RCOM,31-Jan-2019,0,XX,13,13.05,12.85,12.95,12.95,10,44.03,408000,238000,29-NOV-2018,
FUTSTK,RCOM,28-Feb-2019,0,XX,0,0,0,13,14.55,0,0,0,0,30-NOV-2018,
FUTSTK,RCOM,28-Feb-2019,0,XX,0,0,0,13,16.9,0,0,0,0,03-DEC-2018,
FUTSTK,RCOM,28-Feb-2019,0,XX,0,0,0,13,17.4,0,0,0,0,04-DEC-2018,
FUTSTK,RCOM,28-Feb-2019,0,XX,0,0,0,13,16.55,0,0,0,0,05-DEC-2018,
FUTSTK,RCOM,28-Feb-2019,0,XX,15.35,15.35,15.3,15.3,16.6,2,10.42,68000,68000,06-DEC-2018,
FUTSTK,RCOM,28-Feb-2019,0,XX,0,0,0,15.3,16.05,0,0,68000,0,07-DEC-2018,
FUTSTK,RCOM,28-Feb-2019,0,XX,0,0,0,15.3,15,0,0,68000,0,10-DEC-2018,
FUTSTK,RCOM,28-Feb-2019,0,XX,0,0,0,15.3,15.65,0,0,68000,0,11-DEC-2018,
FUTSTK,RCOM,28-Feb-2019,0,XX,16.2,16.2,16.2,16.2,15.9,1,5.5,102000,34000,12-DEC-2018,
FUTSTK,RCOM,28-Feb-2019,0,XX,15.9,15.9,15.3,15.3,15.65,3,15.99,204000,102000,13-DEC-2018,
FUTSTK,RCOM,28-Feb-2019,0,XX,16.45,16.45,16.25,16.25,16,4,22.16,340000,136000,14-DEC-2018,
FUTSTK,RCOM,28-Feb-2019,0,XX,0,0,0,16.25,15.9,0,0,340000,0,17-DEC-2018,
FUTSTK,RCOM,28-Feb-2019,0,XX,16,16,16,16,16,1,5.44,374000,34000,18-DEC-2018,
FUTSTK,RCOM,28-Feb-2019,0,XX,15,15,14.9,14.9,14.5,2,10.16,408000,34000,19-DEC-2018,
FUTSTK,RCOM,28-Feb-2019,0,XX,14.3,14.9,14.3,14.9,14.6,7,34.34,238000,-170000,20-DEC-2018,
FUTSTK,RCOM,28-Feb-2019,0,XX,14.35,14.4,14.3,14.4,14.4,6,29.27,306000,68000,21-DEC-2018,
FUTSTK,RCOM,28-Feb-2019,0,XX,14.2,14.55,14.05,14.2,14.2,15,72.74,544000,238000,24-DEC-2018,
FUTSTK,RCOM,28-Feb-2019,0,XX,14.1,14.55,14.05,14.4,14.4,32,154.27,1156000,612000,26-DEC-2018,
FUTSTK,RCOM,28-Feb-2019,0,XX,14.4,14.8,14.25,14.7,14.7,38,188.66,1462000,306000,27-DEC-2018,
FUTSTK,RCOM,28-Mar-2019,0,XX,0,0,0,14.8,15,0,0,0,0,28-DEC-2018,
FUTSTK,RCOM,28-Mar-2019,0,XX,0,0,0,14.8,14.7,0,0,0,0,31-DEC-2018,
FUTSTK,RCOM,28-Mar-2019,0,XX,0,0,0,14.8,14.6,1,4.91,34000,34000,01-JAN-2019,
FUTSTK,RCOM,28-Mar-2019,0,XX,0,0,0,14.8,14.1,0,0,34000,0,02-JAN-2019,
FUTSTK,RCOM,28-Mar-2019,0,XX,0,0,0,14.8,13.75,0,0,34000,0,03-JAN-2019,
FUTSTK,RCOM,28-Mar-2019,0,XX,0,0,0,14.8,14.25,0,0,34000,0,04-JAN-2019,
FUTSTK,RCOM,28-Mar-2019,0,XX,14.05,14.05,14,14,14.15,2,9.53,102000,68000,07-JAN-2019,
FUTSTK,RCOM,28-Mar-2019,0,XX,0,0,0,14,14.25,0,0,102000,0,08-JAN-2019,
FUTSTK,RCOM,28-Mar-2019,0,XX,0,0,0,14,14.05,0,0,102000,0,09-JAN-2019,
FUTSTK,RCOM,28-Mar-2019,0,XX,0,0,0,14,14.1,0,0,102000,0,10-JAN-2019,
FUTSTK,RCOM,28-Mar-2019,0,XX,0,0,0,14,13.95,0,0,102000,0,11-JAN-2019,
FUTSTK,RCOM,28-Mar-2019,0,XX,0,0,0,14,13.65,0,0,102000,0,14-JAN-2019,
FUTSTK,RCOM,28-Mar-2019,0,XX,0,0,0,14,13.65,0,0,102000,0,15-JAN-2019,
FUTSTK,RCOM,28-Mar-2019,0,XX,13.95,13.95,13.95,13.95,14.05,1,4.74,102000,0,16-JAN-2019,
FUTSTK,RCOM,28-Mar-2019,0,XX,0,0,0,13.95,13.75,0,0,102000,0,17-JAN-2019,
FUTSTK,RCOM,28-Mar-2019,0,XX,13.35,13.35,13.35,13.35,13.55,1,4.53,136000,34000,18-JAN-2019,
FUTSTK,RCOM,28-Mar-2019,0,XX,13.35,13.35,13,13,13.3,2,8.95,204000,68000,21-JAN-2019,
FUTSTK,RCOM,28-Mar-2019,0,XX,12.95,13,12.95,13,13.55,2,8.82,204000,0,22-JAN-2019,
FUTSTK,RCOM,28-Mar-2019,0,XX,12.85,13,12.85,13,13,3,13.2,204000,0,23-JAN-2019,
FUTSTK,RCOM,28-Mar-2019,0,XX,12.85,12.95,12.85,12.85,12.85,4,17.54,306000,102000,24-JAN-2019,
FUTSTK,RCOM,28-Mar-2019,0,XX,12.8,12.8,12.55,12.55,12.65,7,30.31,544000,238000,25-JAN-2019,
FUTSTK,RCOM,28-Mar-2019,0,XX,12.15,12.3,12.15,12.25,12.3,8,33.26,680000,136000,28-JAN-2019,
FUTSTK,RCOM,28-Mar-2019,0,XX,12.4,13,12,12.1,12.1,34,143.76,1394000,714000,29-JAN-2019,
FUTSTK,RCOM,28-Mar-2019,0,XX,12,12,11.15,11.35,11.35,18,71.21,1632000,238000,30-JAN-2019,
FUTSTK,RCOM,28-Mar-2019,0,XX,11.4,11.85,10.8,11.85,11.85,48,182.68,2788000,1156000,31-JAN-2019,
FUTSTK,RCOM,25-Apr-2019,0,XX,0,0,0,12,11.8,0,0,0,0,01-FEB-2019,
FUTSTK,RCOM,25-Apr-2019,0,XX,6.2,7.25,6.2,7.25,7.7,5,11.16,102000,102000,04-FEB-2019,
FUTSTK,RCOM,25-Apr-2019,0,XX,7.15,7.4,5.75,5.75,5.65,9,20.75,306000,204000,05-FEB-2019,
FUTSTK,RCOM,25-Apr-2019,0,XX,5.2,5.7,5.1,5.4,5.4,8,14.21,374000,68000,06-FEB-2019,
FUTSTK,RCOM,25-Apr-2019,0,XX,5.1,5.2,5.05,5.2,5.2,5,8.72,408000,34000,07-FEB-2019,
FUTSTK,RCOM,25-Apr-2019,0,XX,5.2,5.45,5.2,5.35,5.4,14,25.6,306000,-102000,08-FEB-2019,
FUTSTK,RCOM,25-Apr-2019,0,XX,5.25,5.25,5.25,5.25,5.4,1,1.78,306000,0,11-FEB-2019,
FUTSTK,RCOM,25-Apr-2019,0,XX,5.2,5.8,5.2,5.75,5.75,5,9.31,340000,34000,12-FEB-2019,
FUTSTK,RCOM,25-Apr-2019,0,XX,5.6,5.6,5.6,5.6,5.85,3,5.71,442000,102000,13-FEB-2019,
FUTSTK,RCOM,25-Apr-2019,0,XX,5.6,5.6,5.6,5.6,5.6,1,1.9,476000,34000,14-FEB-2019,
FUTSTK,RCOM,25-Apr-2019,0,XX,0,0,0,5.6,5.55,0,0,476000,0,15-FEB-2019,
FUTSTK,RCOM,25-Apr-2019,0,XX,5.95,5.95,5.95,5.95,5.95,1,2.02,442000,-34000,18-FEB-2019,
FUTSTK,RCOM,25-Apr-2019,0,XX,6.15,6.15,6.15,6.15,6.05,3,6.27,544000,102000,19-FEB-2019,
FUTSTK,RCOM,25-Apr-2019,0,XX,5.9,5.9,5.5,5.5,5.8,2,3.87,544000,0,20-FEB-2019,
FUTSTK,RCOM,25-Apr-2019,0,XX,6.5,6.5,6.5,6.5,6.5,1,2.21,544000,0,21-FEB-2019,
FUTSTK,RCOM,25-Apr-2019,0,XX,6.9,6.9,6.6,6.65,6.65,3,6.85,612000,68000,22-FEB-2019,
FUTSTK,RCOM,25-Apr-2019,0,XX,6.05,6.1,6,6.05,6.05,7,14.41,816000,204000,25-FEB-2019,
FUTSTK,RCOM,25-Apr-2019,0,XX,6,6.65,6,6.45,6.45,23,49.79,816000,0,26-FEB-2019,
FUTSTK,RCOM,25-Apr-2019,0,XX,6.3,6.55,6.3,6.55,6.55,7,15.47,782000,-34000,27-FEB-2019,
FUTSTK,RCOM,25-Apr-2019,0,XX,6.3,6.6,6.3,6.45,6.5,26,56.69,340000,-442000,28-FEB-2019,
